source_hint,annotation_id,objCls,sentence,description,related_genes,related_chemicals,location_display,gene_phenotype,metabolizers1,metabolizers2,polarity,significance,phenotype_categories,score,literature_title,literature_pmid,literature_doi,literature_year,query_gene,query_gene_id
data/variantAnnotation,PA166338861,Variant Phenotype Annotation,CYP2C19 *1/*2 + *1/*3 + *2/*2 + *2/*3 + *3/*3 (assigned as intermediate metabolizer and poor metabolizer phenotype) is associated with increased likelihood of major adverse cardiac events (mace) when treated with clopidogrel and Respiratory System in people with Elderly Adult and Cardiovascular Diseases as compared to CYP2C19 *1/*1 (assigned as normal metabolizer phenotype) .,"""The main findings of our study include the following: (1) both IM and PM genotypes were linked to an increased risk of 3‐year MACEs in older patients; (2) after adjusting for clinical variables and PRU, both IM and PM genotypes were independent predictors of 3‐year MACEs in older patients; and (3) the occurrence of major bleeding events was similar among the different CYP2C19 genotypes."" ""older patients (aged ≥75 years) "" ""The PTRG‐DES (Platelet Function and Genotype‐Related Long‐Term Prognosis in Drug‐Eluting Stent–Treated Patients) consortium is a multicenter, nationwide, real‐world registry of patients who underwent PCI with drug‐eluting stent (DES) implantation and received DAPT with aspirin and clopidogrel (NCT04734028).""",,clopidogrel; Respiratory System,"CYP2C19*1, CYP2C19*2, CYP2C19*3",intermediate metabolizer,intermediate metabolizer; poor metabolizer,normal metabolizer,increased,yes,Efficacy,4.0,Prognostic Impact of CYP2C19 Genotypes on Long-Term Clinical Outcomes in Older Patients After Percutaneous Coronary Intervention.,38761068,10.1161/JAHA.123.032248,2024,CYP2C19,PA124
data/variantAnnotation,PA166341701,Variant Phenotype Annotation,"CYP2C19 *1/*2 + *2/*17 + *1/*9 + *2/*13 + *9/*17 + *2/*2 (assigned as intermediate metabolizer and poor metabolizer phenotype) is associated with increased risk of major adverse cardiac events (mace), Death, Myocardial Infarction, Stroke or Angina, Unstable when treated with clopidogrel in people with Acute coronary syndrome as compared to CYP2C19 *1/*1 + *1/*17 + *17/*17 (assigned as normal metabolizer and ultrarapid metabolizer and rapid metabolizer phenotype) .","""Overall, 67 (11.8%) patients experienced an MAE during follow‐up. MAE occurred at a significantly higher rate in clopidogrel‐treated IM/PMs versus NM/RM/UMs (35.1 versus 15.9 per 100 person‐years, respectively; adjusted HR, 2.00 [95% CI, 1.20–3.33], P=0.008) (Table 2, Figure 1A). The secondary outcome of MACE occurred in 47 (8.3%) patients during follow‐up. Like MAE, MACE occurred at a significantly higher rate among IM/PMs versus NM/RM/UMs (24.9 versus 11.1 per 100 person‐years, respectively; adjusted HR, 2.06 [95% CI, 1.12–3.80], P=0.020) (Table 2, Figure 1B). "" From S1 ""The IM phenotypes consisted of the following genotypes: *1/*2 (82, 14.5%, *2/917 (32, 5.6%),
*1/*9 (2,0.4%), *2/*13 (1, 0.2%), and $9/*17 (1, 0.2%). All PM phenotypes consisted of the *2/*2 genotype (7, 1.2%)."" ""The primary outcome was a composite of MAE, which was defined as all‐cause death, MI, ischemic stroke, stent thrombosis, or revascularization for unstable angina within 12 months following the index PCI. The secondary outcome, major adverse cardiovascular events (MACE), was the composite of cardiovascular death, MI, stent thrombosis, or ischemic stroke within 12 months after the index PCI.""",,clopidogrel,"CYP2C19*1, CYP2C19*2, CYP2C19*9, CYP2C19*13, CYP2C19*17",intermediate metabolizer,intermediate metabolizer; poor metabolizer,normal metabolizer; ultrarapid metabolizer; rapid metabolizer,increased,yes,Efficacy,4.0,CYP2C19 Genotype Is Associated With Adverse Cardiovascular Outcomes in Black Patients Treated With Clopidogrel Undergoing Percutaneous Coronary Intervention.,38874073,10.1161/JAHA.123.033791,2024,CYP2C19,PA124
data/variantAnnotation,PA166140345,Variant Phenotype Annotation,CYP2C19 *5 is associated with increased risk of cardiovascular events when treated with clopidogrel in people with Myocardial Infarction as compared to CYP2C19 *1/*1.,"Patients carrying any two CYP2C19 loss-of-function alleles (*2,*3,*4,*5) had a higher event(all cause death,nonfatal stroke, myocardial infarction) rate than patients with none. Patients with one loss-of-function allele had a slightly lower risk in the overall population compared to those with none. Stats given are for any two loe alleles vs. none.",,clopidogrel,"CYP2C19*1, CYP2C19*5",,,,increased,yes,Toxicity,3.5,Genetic determinants of response to clopidogrel and cardiovascular events.,19106083,10.1056/NEJMoa0808227,2009,CYP2C19,PA124
data/variantAnnotation,PA166146754,Variant Drug Annotation,CYP2C19 *2 is associated with decreased response to aspirin and clopidogrel in people with Acute coronary syndrome as compared to CYP2C19 *1.,"At six months of therapy, CYP2C19 *2 and high on-clopidogrel platelet reactivity by ADP were both associated with increased risk of major adverse coronary events (death and non-fatal myocardial infarction).   From 7-12 months, HPR was associated but *2 was not.   Genotype distribution: CYP2C19 *1/*1 n =892; *1/*2 n = 264; *2/*2 n=31 .",,aspirin; clopidogrel,"CYP2C19*1, CYP2C19*2",,,,decreased,yes,Efficacy,3.5,High on-treatment platelet reactivity by ADP and increased risk of MACE in good clopidogrel metabolizers.,22390861,10.3109/09537104.2012.658106,2012,CYP2C19,PA124
data/variantAnnotation,PA166142976,Variant Phenotype Annotation,CYP2C19 *2 is associated with increased post-treatment ADP-stimulated platelet aggregation when treated with clopidogrel in healthy individuals as compared to CYP2C19 *1.,"CYP2C19*2 was strongly associated with increased post-treatment ADP-stimulated platelet aggregation in both single SNP and multi-SNP association analysis (beta=7.55, P=2.9x10-16 and beta=7.51, P=7.0x10-15, respectively). Multiple-SNP analysis model includes both CYP2C19*2 and CYP2C19*17 in the model.",,clopidogrel,CYP2C19*2,,,,increased,yes,Efficacy,3.5,The CYP2C19*17 variant is not independently associated with clopidogrel response.,23809542,10.1111/jth.12342,2013,CYP2C19,PA124
data/variantAnnotation,PA166143651,Variant Phenotype Annotation,CYP2C19 *4 is associated with increased risk of cardiovascular events when treated with clopidogrel in people with Myocardial Infarction as compared to CYP2C19 *1/*1.,"Patients carrying any two CYP2C19 loss-of-function alleles (*2,*3,*4,*5) had a higher event(all cause death,nonfatal stroke, myocardial infarction) rate than patients with none. Patients with one loss-of-function allele had a slightly lower risk in the overall population compared to those with none. Stats given are for any two loe alleles vs. none.",,clopidogrel,"CYP2C19*1, CYP2C19*4",,,,increased,yes,Toxicity,3.5,Genetic determinants of response to clopidogrel and cardiovascular events.,19106083,10.1056/NEJMoa0808227,2009,CYP2C19,PA124
data/variantAnnotation,PA166138263,Variant Drug Annotation,Genotypes AA + AG is associated with decreased response to aspirin and clopidogrel in people with percutaneous coronary interventions and drug-eluting stents as compared to genotype GG.,"OR of 3.43 is for the occurrence of stent thrombosis, and OR of 2.70 is for the combination of stent thrombosis and cardiac mortality within a 6 month followup period.  The stents eluted sirolimus or paclitaxel.",,aspirin; clopidogrel,rs4244285,,,,decreased,yes,Efficacy,3.5,Relation of cytochrome P450 2C19 loss-of-function polymorphism to occurrence of drug-eluting coronary stent thrombosis.,19268736,10.1016/j.amjcard.2008.11.048,2009,CYP2C19,PA124
data/variantAnnotation,PA166159532,Variant Phenotype Annotation,CYP2C19 *2 + *3 are associated with increased platelet reactivity when treated with clopidogrel as compared to CYP2C19 *1/*1.,in Korean patients both prior and after percutaneous coronary interventions (PCI).,,clopidogrel,"CYP2C19*1, CYP2C19*2, CYP2C19*3",,,,increased,yes,Efficacy,3.5,"CYP2C19 but not CYP2B6, CYP3A4, CYP3A5, ABCB1, PON1 or P2Y12 genetic polymorphism impacts antiplatelet response after clopidogrel in Koreans.",27380588,10.1097/MBC.0000000000000536,2017,CYP2C19,PA124
data/variantAnnotation,PA166149316,Variant Phenotype Annotation,CYP2C19 *2 + *3 is associated with increased platelet reactivity when treated with clopidogrel in people with Acute coronary syndrome as compared to CYP2C19 *1/*1.,The association was only found in patients younger 75 years. Patients older than 75 years shown no association of CYP2C19 genotype with platelet reactivity differences. Dual treatment with aspirin and clopidogrel. *2 and *3 were genotyped.,,clopidogrel,"CYP2C19*1, CYP2C19*2, CYP2C19*3",,,,increased,yes,Efficacy,3.5,CYP2C19 LOF alleles confer no risk for HTPR but higher risk for recurrent ischemic events in clopidogrel treated elderly ACS patients.,25897911,10.1016/j.ijcard.2015.04.097,2015,CYP2C19,PA124
data/variantAnnotation,PA166149163,Variant Drug Annotation,CYP2C19 *2/*2 + *2/*3 + *3/*3 is associated with increased response to clobazam in people with Epilepsy as compared to CYP2C19 *1/*1.,"Responders divided into three groups: >= 50% reduction in frequency of seizures versus the baseline before starting clobazam therapy, >=75% reduction and seizure freedom. Those homozygous for the *2 or *3 alleles (""poor metabolizers"") were more likely to be responders in any of the three categories, as compared to those with the *1/*1 genotype (""homozygous extensive metabolizers"").",,clobazam,"CYP2C19*1, CYP2C19*2, CYP2C19*3",,,,increased,yes,Efficacy,3.5,Impact of CYP2C19 polymorphisms on the efficacy of clobazam therapy.,18466100,10.2217/14622416.9.5.527,2008,CYP2C19,PA124
data/variantAnnotation,PA166181398,Variant Drug Annotation,CYP2C19 *2 + *3 are associated with decreased response to clopidogrel in people with Acute coronary syndrome as compared to CYP2C19 *1/*1.,Patients with acute coronary syndrome undergoing percutaneous coronary intervention. Patients with the *2 and *3 alleles had higher platelet reactivity as compared to those with the *1/*1 genotype.,,clopidogrel,"CYP2C19*1, CYP2C19*2, CYP2C19*3",,,,decreased,yes,Efficacy,3.5,Two common mutations within CYP2C19 affected platelet aggregation in Chinese patients undergoing PCI: a one-year follow-up study.,30061570,10.1038/s41397-018-0036-2,2019,CYP2C19,PA124
data/variantAnnotation,PA166144407,Variant Phenotype Annotation,CYP2C19 *2/*2 + *2/*3 + *3/*3 is associated with increased risk of major adverse cardiac and cerebrovascular events when treated with clopidogrel in people with Myocardial Infarction as compared to CYP2C19 *1/*1 + *1/*17 + *1/*2 + *1/*3 + *2/*17 + *3/*17.,"Major adverse cardiac and cerebrovascular events consisted of death from any cause, non-fatal myocardial infarction or stroke during the 1 year follow-up period for patients on clopidogrel. Patients had previously undergone percutaneous coronary intervention. This was a multivariable analysis. *2/*2, *2/*3 and *3/*3 were analyzed as a group (poor metabolizers) and *1/*1, *1/*17, *1/*2, *1/*3, *2/*17 and *3/*17 were analyzed as a group (intermediate and extensive metabolizers).",,clopidogrel,"CYP2C19*1, CYP2C19*2, CYP2C19*3, CYP2C19*17",,,,increased,yes,Toxicity,3.5,CYP2C19 poor metabolizer is associated with clinical outcome of clopidogrel therapy in acute myocardial infarction but not stable angina.,24019397,10.1161/CIRCGENETICS.113.000109,2013,CYP2C19,PA124
data/variantAnnotation,PA166141031,Variant Phenotype Annotation,Genotype AA is associated with increased risk of cardiovascular events when treated with aspirin and clopidogrel in people with ST-segment elevation myocardial infarction (STEMI) as compared to genotypes AG + GG.,"Cardiovascular events are primary outcome events (cardiac death and recurrent myocardial infarction). All patients were treated with a primary PCI and received dual antiplatelet therapy with aspirin and clopidogrel. Patients might be additionally  treated with Beta-blockers, angiotensin-converting enzyme (ACE) inhibitors, and/or statins. Aspirin (100 mg/day) was prescribed indefinitely, and clopidogrel (75 mg/day) for 12 months. At discharge from the hospital admission following the primary intervention, aspirin and clopidogrel were prescribed to 96.0% and 99.7% of the patients respectively. However, all patients received the loading of clopidogrel. Considering CYP2C19*2 (rs4244285) and COX1 (- 846A > G) (rs10306114) together, 779 (59%) patients were homozygote for the wild type alleles of both SNPs, 435 (33%) patients had 1 risk allele, 87 (7%) patients had 2 risk alleles and 8 (1%) patients were carrying 3 risk alleles. Compared to the patients with 0 or 1 risk alleles, the patients who were carrying 2 or 3 risk alleles had an increased risk of the primary endpoint, HR 2.57 (95% CI 1.87 to 3.54), P = 6.9 × 10^ 9.",,aspirin; clopidogrel,rs4244285,,,,increased,yes,Toxicity,3.5,Value of platelet pharmacogenetics in common clinical practice of patients with ST-segment elevation myocardial infarction.,22940005,10.1016/j.ijcard.2012.07.020,2013,CYP2C19,PA124
data/variantAnnotation,PA166150377,Variant Phenotype Annotation,Allele A is associated with decreased risk of gastrointestinal toxicity and Leukopenia when exposed to cyclophosphamide in people with Lupus erythematosus as compared to allele G.,,,cyclophosphamide,rs4244285,,,,decreased,yes,Toxicity,3.5,"Genetic markers in CYP2C19 and CYP2B6 for prediction of cyclophosphamide's 4-hydroxylation, efficacy and side effects in Chinese patients with systemic lupus erythematosus.",26456622,10.1111/bcp.12800,2016,CYP2C19,PA124
data/variantAnnotation,PA166143807,Variant Phenotype Annotation,Genotypes AA + AG are associated with increased risk of stent thrombosis when treated with clopidogrel in patients undergoing percutaneous coronary intervention as compared to genotype GG.,The primary endpoint of the study was the incidence of definite ST within 30 days following PCI.,,clopidogrel,rs4244285,,,,increased,yes,Efficacy; Toxicity,3.5,Cytochrome P450 2C19 loss-of-function polymorphism and stent thrombosis following percutaneous coronary intervention.,19193675,10.1093/eurheartj/ehp041,2009,CYP2C19,PA124
data/variantAnnotation,PA166140954,Variant Phenotype Annotation,Allele A is associated with increased risk of cardiovascular events when treated with clopidogrel in people with Myocardial Infarction as compared to genotype GG.,"Patients carrying any two CYP2C19 loss-of-function alleles (*2,*3,*4,*5) had a higher event(all cause death,nonfatal stroke, myocardial infarction) rate than patients with none.  Patients with one loss-of-function allele had a slightly lower risk in the overall population compared to those with none.  Stats given are for any two loe alleles vs. none.",,clopidogrel,rs4986893,,,,increased,yes,Efficacy; Toxicity,3.5,Genetic determinants of response to clopidogrel and cardiovascular events.,19106083,10.1056/NEJMoa0808227,2009,CYP2C19,PA124
data/variantAnnotation,PA166140863,Variant Phenotype Annotation,Allele G is associated with increased risk of cardiovascular events when treated with clopidogrel in people with Myocardial Infarction as compared to genotype AA.,"Patients carrying any two CYP2C19 loss-of-function alleles (*2,*3,*4,*5) had a higher event(all cause death,nonfatal stroke, myocardial infarction) rate than patients with none. Patients with one loss-of-function allele had a slightly lower risk in the overall population compared to those with none. Stats given are for any two loe alleles vs. none.",,clopidogrel,rs28399504,,,,increased,yes,Efficacy; Toxicity,3.5,Genetic determinants of response to clopidogrel and cardiovascular events.,19106083,10.1056/NEJMoa0808227,2009,CYP2C19,PA124
data/variantAnnotation,PA166141841,Variant Phenotype Annotation,Allele A is associated with increased risk of high on-treatment platelet reactivity when treated with clopidogrel in people with Coronary Artery Disease as compared to allele G.,,,clopidogrel,rs4244285,,,,increased,yes,Efficacy,3.5,Influence of genetic polymorphisms on the effect of high- and standard-dose clopidogrel after percutaneous coronary intervention: the GIFT (Genotype Information and Functional Testing) study.,22624833,10.1016/j.jacc.2011.11.068,2012,CYP2C19,PA124
data/variantAnnotation,PA166136618,Variant Phenotype Annotation,Allele T is associated with decreased rates of target lesion revascularization and major adverse cardiovascular events when treated with clopidogrel in people with Myocardial Infarction as compared to allele C.,T-allele carriers with acute MI and increased clopidogrel activation had significantly reduced clinical event rates.,,clopidogrel,rs12248560,,,,decreased,yes,Efficacy,3.5,Protective effect of the CYP2C19 *17 polymorphism with increased activation of clopidogrel on cardiovascular events.,20826260,10.1016/j.ahj.2010.06.039,2010,CYP2C19,PA124
data/variantAnnotation,PA166137091,Variant Phenotype Annotation,Allele T is associated with increased risk of bleeding when treated with clopidogrel in people with Coronary Artery Disease as compared to allele C.,within 30 days of PCI.,,clopidogrel,rs12248560,,,,increased,yes,Toxicity,3.5,"Cytochrome 2C19*17 allelic variant, platelet aggregation, bleeding events, and stent thrombosis in clopidogrel-treated patients with coronary stent placement.",20083681,10.1161/CIRCULATIONAHA.109.885194,2010,CYP2C19,PA124
data/variantAnnotation,PA166146571,Variant Phenotype Annotation,CYP2C19 *17 is associated with increased risk of mortality when treated with clopidogrel in people with Myocardial Infarction as compared to CYP2C19 *1/*1.,"33.3% 1-year mortality for CYP2C19*17/*17 homozygotes vs. 9.8% for CYP2C19*17/*1 heterozygotes vs. 4.9% for *1/*1 homozygotes; log-rank p= 1E-05 in Kaplan-Meier analysis. The authors state that the interaction between CYP2C19*17 SNP and clopidogrel treatment for mortality in African American TRIUMPH patients discharged on clopidogrel was significant (p= 0.091). CYP2C19 metabolizer status was significantly associated with mortality in African
Americans (log-rank p= 0.0371). PM had the highest survival (100% 1-year
survival) follow by individuals with IM or EM phenotype (97% and 94% 1-year survival). Individuals with ultra rapid metabolizer phenotype had the lowest 1-year survival (88% 1-year survival).",,clopidogrel,"CYP2C19*1, CYP2C19*17",,,,increased,yes,Toxicity,3.25,"Cytochrome p450 gene variants, race, and mortality among clopidogrel-treated patients after acute myocardial infarction.",24762860,10.1161/CIRCGENETICS.113.000303,2014,CYP2C19,PA124
data/variantAnnotation,PA166141712,Variant Phenotype Annotation,Allele A is associated with increased risk of major cardiovascular events when treated with clopidogrel in people with Myocardial Infarction as compared to genotype GG.,,,clopidogrel,rs4244285,,,,increased,yes,Toxicity,3.25,"CYP2C19 but not PON1 genetic variants influence clopidogrel pharmacokinetics, pharmacodynamics, and clinical efficacy in post-myocardial infarction patients.",21972404,10.1161/CIRCINTERVENTIONS.111.963025,2011,CYP2C19,PA124
data/variantAnnotation,PA166145593,Variant Phenotype Annotation,CYP2C19 *2 + *3 is associated with increased on-clopidogrel platelet reactivity (HPR) when treated with clopidogrel in people with Acute coronary syndrome as compared to CYP2C19 *1/*1.,,,clopidogrel,"CYP2C19*1, CYP2C19*2, CYP2C19*3",,,,increased,yes,Efficacy,3.25,"Besides CYP2C19, PON1 genetic variant influences post-clopidogrel platelet reactivity in Chinese patients.",22974728,10.1016/j.ijcard.2012.08.017,2013,CYP2C19,PA124
data/variantAnnotation,PA166146906,Variant Phenotype Annotation,CYP2C19 *2/*2 + *2/*3 is associated with increased risk of cardiovascular event occurrence when treated with clopidogrel in people with Myocardial Infarction as compared to CYP2C19 *1/*1.,"Cardiovascular event occurrence after acute myocardial infarction increased according to the number of loss of function alleles (*2,*3) but was not significant with carriage of one such allele [HR= 3.1; 95% CI=0.8-11.6; p=0.089].  Statistics listed in the attached study parameters are for patients with two LOF alleles.",,clopidogrel,"CYP2C19*1, CYP2C19*2, CYP2C19*3",,,,increased,yes,Efficacy,3.25,Effect of CYP2C19*2 and *3 loss-of-function alleles on platelet reactivity and adverse clinical events in East Asian acute myocardial infarction survivors treated with clopidogrel and aspirin.,22045970,10.1161/CIRCINTERVENTIONS.111.962555,2011,CYP2C19,PA124
data/variantAnnotation,PA166148572,Variant Drug Annotation,CYP2C19 *2/*2 is associated with decreased response to aspirin and clopidogrel in people with Acute coronary syndrome as compared to CYP2C19 *1/*1 + *1/*2.,Patients had undergone percutaneous coronary intervention. Cases had definite stent thrombosis during the first 5 days after stent implantation. Controls had no stent thrombosis during the first 30 days following stent implantation. The CYP2C19 *2/*2 genotype was associated with increased risk for early stent thrombosis as compared to the *1/*1 and *1/*2 genotypes. This allele was significant in multivariate analysis as well as univariate.,,aspirin; clopidogrel,"CYP2C19*1, CYP2C19*2",,,,decreased,yes,Efficacy,3.25,"Effect of clinical factors and gene polymorphism of CYP2C19*2, *17 and CYP4F2*3 on early stent thrombosis.",25712182,10.2217/pgs.14.165,2015,CYP2C19,PA124
data/variantAnnotation,PA166341842,Variant Phenotype Annotation,CYP2C19 *1/*2 + *1/*3 + *2/*2 + *2/*3 + *3/*3 (assigned as intermediate metabolizer and poor metabolizer phenotype) is associated with increased likelihood of Atrial Fibrillation when treated with clopidogrel in people with Coronary Disease and surgery as compared to CYP2C19 *1/*1 (assigned as normal metabolizer phenotype) .,"""The results of the binary logistic regression analysis showed that only CYP2C19 genotyping was statistically significant associated with POAF (p < 0.001). Overall, POAF occurred in 57 of 135 patients (42.2%) in the LOF group versus 28 of 123 patients (22.8%) in the WT group (hazard risk [HR]: 2.061; 95% CI: 1.347–3.153; p = 0.0013, Figure 3)."" ""The present cohort study demonstrated that the Chinese Han population with the CYP2C19 LOF allele, compared to the WT allele, was associated with a higher incidence of POAF after off‐pump CABG with the same oral dose of clopidogrel."" CABG = coronary artery bypass graft",,clopidogrel,"CYP2C19*1, CYP2C19*2, CYP2C19*3",intermediate metabolizer,intermediate metabolizer; poor metabolizer,normal metabolizer,increased,yes,Toxicity,3.25,Association of CYP2C19 genotypes with postoperative atrial fibrillation after coronary artery bypass surgery.,38877696,10.1111/cts.13862,2024,CYP2C19,PA124
data/variantAnnotation,PA166183568,Variant Drug Annotation,CYP2C19 *1/*2 + *1/*3 + *2/*2 + *2/*3 + *3/*3 (assigned as intermediate metabolizer and poor metabolizer phenotype) are associated with increased response to rabeprazole in people with Helicobacter Infections as compared to CYP2C19 *1/*1.,"Patients who were extensive metabolizers (EMs) had a H. pylori cure rate of 60.6%, those who were intermediate metabolizers (IMs) had a cure rate of 91.7%, and those who were poor metabolizers (PMs) had a cure rate of 93.8%. Significant differences were found between EMs and IMs, and EMs and PMs, but not between IMs and PMs.",,rabeprazole,"CYP2C19*1, CYP2C19*2, CYP2C19*3",poor metabolizer,intermediate metabolizer; poor metabolizer,,increased,yes,Efficacy,3.25,Effects of genotypic differences in CYP2C19 status on cure rates for Helicobacter pylori infection by dual therapy with rabeprazole plus amoxicillin.,11434512,10.1097/00008571-200106000-00009,2001,CYP2C19,PA124
data/variantAnnotation,PA166142685,Variant Phenotype Annotation,Genotypes AA + AG is associated with increased risk of Thrombosis when treated with aspirin and clopidogrel in people with percutaneous coronary intervention as compared to genotype GG.,"The rates of early stent thrombosis were compared.  Allele A = *2.  Other CYP2C19 alleles assayed were *3,*4,*5, and *6.",,aspirin; clopidogrel,rs4244285,,,,increased,yes,Efficacy; Other,3.25,"Clinical, angiographic, and genetic factors associated with early coronary stent thrombosis.",22028352,10.1001/jama.2011.1529,2011,CYP2C19,PA124
data/variantAnnotation,PA166144314,Variant Phenotype Annotation,Allele A is associated with increased risk of stent thrombosis when treated with clopidogrel in people with Myocardial Infarction as compared to allele G.,,,clopidogrel,rs4244285,,,,increased,yes,Efficacy; Toxicity,3.25,Cytochrome P450 2C19 polymorphism in young patients treated with clopidogrel after myocardial infarction: a cohort study.,19108880,10.1016/S0140-6736(08)61845-0,2009,CYP2C19,PA124
data/variantAnnotation,PA166162272,Variant Phenotype Annotation,Allele A is associated with increased risk of Transient Ischemic Attack and Stroke when treated with clopidogrel in people with Cerebrovascular Disorders as compared to allele G.,"""For Chinese patients with symptomatic extracranial or intracranial stenosis treated with clopidogrel, CYP2C19*3 mutation was associated with an increased risk of ischemic events""",,clopidogrel,rs4986893,,,,increased,yes,Efficacy,3.25,Impact of genetic polymorphisms related to clopidogrel or acetylsalicylic acid pharmacology on clinical outcome in Chinese patients with symptomatic extracranial or intracranial stenosis.,27450232,10.1007/s00228-016-2094-1,2016,CYP2C19,PA124
data/variantAnnotation,PA166141350,Variant Phenotype Annotation,Genotype AA is associated with increased risk of high on-treatment platelet reactivity when treated with clopidogrel in people with Acute coronary syndrome as compared to genotype GG.,"Please note, the finding is reported on carriers with two loss-of-function alleles (CYP2C19*2/*2, *2/*3, and *3/*3 combined) and are after adjustment for confounding factors (including sex, age, BMI, smoking status, hypertension, diabetes mellitus, and use of a proton pump inhibitor). No significant difference was found between patients with the CYP2C19*2/*2 genotype and those with the CYP2C19*2/*3 genotype. Chinese patients undergoing PCI with drug-eluting stents after acute coronary syndrome. Patients received a loading dose of 300mg clopidogrel, followed by a daily regimen of 75mg and a loading dose of 300mg aspirin, followed by 100mg daily.",,clopidogrel,rs4986893,,,,increased,yes,Efficacy,3.25,Effects of CYP2C19 variant alleles on postclopidogrel platelet reactivity and clinical outcomes in an actual clinical setting in China.,22990067,10.1097/FPC.0b013e328359253a,2012,CYP2C19,PA124
data/variantAnnotation,PA166140899,Variant Phenotype Annotation,Genotype AG is associated with increased risk of high on-treatment platelet reactivity when treated with clopidogrel in people with Acute coronary syndrome as compared to genotype GG.,"Please note, the finding is reported on carriers with one loss-of-function allele (CYP2C19*2 or*3 combined) and are after adjustment for confounding factors (including sex, age, BMI, smoking status, hypertension, diabetes mellitus, and use of a proton pump inhibitor). No significant difference in platelet aggregation between patients with the CYP2C19*1/*2 genotype and patients with the CYP2C19*1/*3 genotype was found. Chinese patients undergoing PCI with drug-eluting stents after acute coronary syndrome. Patients received a loading dose of 300mg clopidogrel, followed by a daily regimen of 75mg and a loading dose of 300mg aspirin, followed by 100mg daily.",,clopidogrel,rs4244285,,,,increased,yes,Efficacy,3.25,Effects of CYP2C19 variant alleles on postclopidogrel platelet reactivity and clinical outcomes in an actual clinical setting in China.,22990067,10.1097/FPC.0b013e328359253a,2012,CYP2C19,PA124
data/variantAnnotation,PA166140795,Variant Phenotype Annotation,Genotype AA is associated with increased risk of high on-treatment platelet reactivity when treated with clopidogrel in people with Acute coronary syndrome as compared to genotype GG.,"Chinese patients undergoing PCI with drug-eluting stents after acute coronary syndrome. The finding is reported on carriers with two loss-of-function alleles (CYP2C19*2/*2, *2/*3, and *3/*3 combined) and are after adjustment for confounding factors (including sex, age, BMI, smoking status, hypertension, diabetes mellitus, and use of a proton pump inhibitor). No significant difference was found between patients with
the CYP2C19*2/*2 genotype and those with the CYP2C19*2/*3 genotype. Patients received a loading dose of 300mg clopidogrel, followed by a daily regimen of 75mg and a loading dose of 300mg aspirin, followed by 100mg daily.",,clopidogrel,rs4244285,,,,increased,yes,Efficacy,3.25,Effects of CYP2C19 variant alleles on postclopidogrel platelet reactivity and clinical outcomes in an actual clinical setting in China.,22990067,10.1097/FPC.0b013e328359253a,2012,CYP2C19,PA124
data/variantAnnotation,PA166140723,Variant Phenotype Annotation,Genotype AG is associated with increased risk of high on-treatment platelet reactivity when treated with clopidogrel in people with Acute coronary syndrome as compared to genotype GG.,"The finding is reported on carriers with one loss-of-function allele (CYP2C19*1/*2 and *1/*3 combined) and are after adjustment for confounding factors (including sex, age, BMI, smoking status, hypertension, diabetes mellitus, and use of a proton  pump inhibitor). No significant difference in platelet aggregation between patients with the CYP2C19*1/*2 genotype and patients with the CYP2C19*1/*3 genotype was found. Study population are Chinese patients undergoing PCI with drug-eluting stents after acute coronary syndrome. Patients received a loading dose of 300mg clopidogrel, followed by a daily regimen of 75mg and a loading dose of 300mg aspirin, followed by 100mg daily.",,clopidogrel,rs4986893,,,,increased,yes,Efficacy,3.25,Effects of CYP2C19 variant alleles on postclopidogrel platelet reactivity and clinical outcomes in an actual clinical setting in China.,22990067,10.1097/FPC.0b013e328359253a,2012,CYP2C19,PA124
data/variantAnnotation,PA166142871,Variant Phenotype Annotation,Genotypes AA + AG are associated with increased likelihood of to be classified as clopidogrel poor responders when treated with clopidogrel in people with Cardiovascular Diseases as compared to genotype GG.,Patients undergoing elective coronary stenting.,,clopidogrel,rs4244285,,,,increased,yes,Efficacy,3.25,"Besides CYP2C19*2, the variant allele CYP2C9*3 is associated with higher on-clopidogrel platelet reactivity in patients on dual antiplatelet therapy undergoing elective coronary stent implantation.",19934793,10.1097/FPC.0b013e328333dafe,2010,CYP2C19,PA124
data/variantAnnotation,PA166143676,Variant Phenotype Annotation,Allele A is associated with increased risk of cardiovascular events when treated with clopidogrel in people with Myocardial Infarction as compared to allele G.,"cardiovascular events defined as death, myocardial infarction, and urgent coronary revascularization occurring during exposure to clopidogrel",,clopidogrel,rs4244285,,,,increased,yes,Efficacy; Toxicity,3.25,Cytochrome P450 2C19 polymorphism in young patients treated with clopidogrel after myocardial infarction: a cohort study.,19108880,10.1016/S0140-6736(08)61845-0,2009,CYP2C19,PA124
data/variantAnnotation,PA166397001,Variant Phenotype Annotation,"CYP2C19 *1/*2 + *1/*3 + *2/*17 + *3/*17 + *2/*2 + *2/*3 + *3/*3 (assigned as intermediate metabolizer and poor metabolizer phenotype) is associated with increased likelihood of Stroke, Myocardial Infarction or Death when treated with clopidogrel in people with Stroke as compared to CYP2C19 *1/*1 + *1/*17 + *17/*17 (assigned as normal metabolizer phenotype) .","""Overall, 49 of 1785 LOF allele carriers (2.7%) and 18 of 1125 LOF allele noncarriers (1.6%) experienced cardiovascular events, defined as a composite of recurrent stroke, myocardial infarction, and all-cause mortality at 180 days...The primary outcome of composite cardiovascular events occurred significantly more in the LOF allele carrier group (49 of 1785 [2.7%]) compared with the noncarrier group (18 of 1125 [1.6%]) (HR, 0.58; 95% CI, 0.34-1.00; P = .048 for log-rank test).""",,clopidogrel,"CYP2C19*1, CYP2C19*2, CYP2C19*3, CYP2C19*17",intermediate metabolizer,intermediate metabolizer; poor metabolizer,normal metabolizer,increased,yes,Efficacy,3.0,Cytochrome P450 2C19 Genotypes and Clopidogrel in Patients With Ischemic Stroke: A Nonrandomized Clinical Trial.,40184070,10.1001/jamanetworkopen.2025.0398,2025,CYP2C19,PA124
data/variantAnnotation,PA166141648,Variant Phenotype Annotation,CYP2C19 *2 is associated with increased risk of stent thrombosis (ST) after 1 year when treated with clopidogrel as compared to CYP2C19 *1.,CYP2C19*2 and *3 are analyzed together.,,clopidogrel,"CYP2C19*1, CYP2C19*2",,,,increased,yes,Toxicity,3.0,Efffect of the ABCC3 -211C/T polymorphism on clopidogrel responsiveness in patients with percutaneous coronary intervention.,23692149,10.1111/1440-1681.12118,2013,CYP2C19,PA124
data/variantAnnotation,PA166163607,Variant Phenotype Annotation,Allele A is associated with increased likelihood of drug reaction with eosinophilia and systemic symptoms when exposed to phenytoin as compared to allele G.,"The frequency of the A allele was higher in patients with drug reaction with eosinophilia and systemic symptoms (DRESS), as compared to phenytoin-tolerant controls and remained significant in multiple logistic regression. Combined analysis with HLA- B*13:01/HLA-B*56:02/04 and CYP2C19*3 and omeprazole co-medication showed the highest accuracy in predicting DRESS/DHS (86.0%)",,phenytoin,rs4986893,,,,increased,yes,Toxicity,3.0,Influence of genetic and non-genetic factors on phenytoin-induced severe cutaneous adverse drug reactions.,28391407,10.1007/s00228-017-2250-2,2017,CYP2C19,PA124
data/variantAnnotation,PA166176496,Variant Drug Annotation,"CYP2C19 *1/*2 + *2/*2 are associated with decreased response to cyclophosphamide in people with Lymphoma, Non-Hodgkin as compared to CYP2C19 *1/*1.",,,cyclophosphamide,"CYP2C19*1, CYP2C19*2",,,,decreased,yes,Efficacy,3.0,"Cytochrome P450 Genetic Variations Can Predict mRNA Expression, Cyclophosphamide 4-Hydroxylation, and Treatment Outcomes in Chinese Patients With Non-Hodgkin's Lymphoma.",28181240,10.1002/jcph.878,2017,CYP2C19,PA124
data/variantAnnotation,PA166144273,Variant Phenotype Annotation,CYP2D6 *4 is associated with increased likelihood of muscle effects when treated with atorvastatin.,compared to patients without CYP2D6*4. Screened 388 SNPs - the CYP2D6*4 allele  (G1846A rs3892097 and C100T rs1065852) was the only variant that was statistically significant after Bonferroni correction in the the Discovery set.,,atorvastatin,CYP2D6*4,,,,increased,yes,Toxicity,3.75,CYP2D6*4 polymorphism is associated with statin-induced muscle effects.,17700359,10.1097/FPC.0b013e328012d0a9,2007,CYP2D6,PA128
data/variantAnnotation,PA166150316,Variant Phenotype Annotation,CYP2D6 *1/*10 + *10/*10 is associated with increased risk of tardive dyskinesia when treated with antipsychotics in men with Schizophrenia as compared to CYP2D6 *1/*1.,"There was a significantly increased risk for experiencing tardive dyskinesia in MALES who carried the *10 allele as compared to *1/*1. This remained significant after adjusting for the confounding effects of age, daily dosage, length of exposure and smoking status. No significant association was seen for females (p=0.552). Males who were homozygous for the *10 allele also had significantly higher total Abnormal Involuntary Movement Scale (AIMS) scores as compared to those with the *1/*10 genotype. No significant association was seen for females, and the authors note that after adjusting for confounding factors (listed above), no significant association was seen. Smoking and mean daily antipsychotic dosage were also associated with tardive dyskinesia.",,antipsychotics,"CYP2D6*1, CYP2D6*10",,,,increased,yes,Toxicity,3.5,Cytochrome P-450 2D6*10 C188T polymorphism is associated with antipsychotic-induced persistent tardive dyskinesia in Chinese schizophrenic patients.,15118351,10.1159/000077360,2004,CYP2D6,PA128
data/variantAnnotation,PA166149739,Variant Phenotype Annotation,CYP2D6 *4/*4 is associated with decreased event-free survival and Recurrence free survival when treated with tamoxifen in women with Breast Neoplasms as compared to CYP2D6 *1/*1.,"Association for poor metabolism vs extensive metabolism (see below)Postmenopausal women with ER-positive breast cancer which underwent surgery and were treated with tamoxifen treatment for 5 years. Patients are from NCCTG trail but only patients receiving tamoxifen monotherapy were included. DNA extraction mainly from tumor tissue. *4 genotyped as rs3892097 tag SNP.
Extensive metabolizers were *1/*1 who were not prescribed a CYP2D6 inhibitor (n=115). Decreased CYP2D6 metabolism were women who either carried either one or two *4 alleles (n=53) or women with any genotype who were co-prescribed a CYP2D6 inhibitor (n=13). Decreased metabolism was divided based on the potency of the CYP2D6 inhibitor as intermediate metabolizers (IM) (n=40): (1) *1/*4 without co-prescription of a CYP2D6 inhibitor or (2) *1/*1 with co-administration of a weak/moderate inhibitor: PM (n=16): (1) *4/*4, (2) *4/wt and co-administration of a moderate or potent inhibitor, or (3) *1/*1 and co-administration of a potent inhibitor. (NCCTG 89-30-52 trial, also PMID: 16361630 and other) [post-menopausal] [adjuvant] [DNA source: paraffin-embedded tumor blocks] [cohort overlap with 19809024]",,tamoxifen,"CYP2D6*1, CYP2D6*4",,,,decreased,yes,Efficacy,3.5,The impact of cytochrome P450 2D6 metabolism in women receiving adjuvant tamoxifen.,17115111,10.1007/s10549-006-9428-0,2007,CYP2D6,PA128
data/variantAnnotation,PA166148470,Variant Phenotype Annotation,CYP2D6 *4/*4 + *4/*5 + *4/*10 are associated with increased risk of Recurrence when treated with antineoplastic agents and tamoxifen in women with Breast Neoplasms as compared to CYP2D6 *1/*1 + *1/*2 + *1/*10 + *1/*4.,"Please note diplotypes are just example. Association is for activity score <=0.5 vs >=1, with *1 and *2 alleles have a score of 1, *10 has 0.5 score and *4 and *5 alleles are 0. Study does not report found alleles or diplotypes. Genotyped for *1, *2 (Applied Biosystems, Assay ID: C_27102425_10), *10 (Applied Biosystems, Assay ID: C_11484460_40), *5 (PCR). DNA from blood. Female patients of breast cancer who receive adjuvant tamoxifen therapy at present or had completed 5 years of tamoxifen BUT cohort had partial co treatment with chemotherapy (in patients with recurrence n=20 and in patients with no recurrence n=103) and radiotherapy (in patients with recurrence n=15 and in patients with no recurrence n=89). Menopause (in patients with recurrence n=19 (86%) and in patients with no recurrence n=101 (92%)); major part for the cohort is postmenopausal. No CYP2D6 inhibitor co-medication. [pre-menopausal][post-menopausal] [adjuvant] [DNA source: blood] [HWE: yes]",,antineoplastic agents; tamoxifen,"CYP2D6*1, CYP2D6*2, CYP2D6*4, CYP2D6*5, CYP2D6*10",,,,increased,yes,Efficacy,3.5,Genetic polymorphisms of CYP2D6 increase the risk for recurrence of breast cancer in patients receiving tamoxifen as an adjuvant therapy.,22623212,10.1007/s00280-012-1891-1,2012,CYP2D6,PA128
data/variantAnnotation,PA166436521,Variant Drug Annotation,"CYP2D6 *1/*10 + *10/*10 is associated with increased clinical benefit to apraclonidine, atenolol or propranolol in people with Hypertension.","""Among individuals with specific sensitive genotypes, the use of
corresponding sensitive medications was associated with a significant
reduction in the risk of stroke and coronary heart disease. Specifically, carriers
of the AGTR1(1166A>C), CYP2D6*10, and ADRB1(1165G>C) sensitive
genotypes exhibited a significantly reduced risk of stroke when receiving these
medications (P<0.01).""",,apraclonidine; atenolol; propranolol,"CYP2D6*1, CYP2D6*10",,,,increased,yes,Efficacy,3.5,Associations between antihypertensive drug-related gene polymorphisms and cardiovascular outcomes in hypertensive patients: a gene-drug interaction study.,41968188,10.1038/s41598-026-48528-w,2026,CYP2D6,PA128
data/variantAnnotation,PA166141463,Variant Drug Annotation,CYP2D6 *1/*1xN is associated with decreased response to ondansetron or tropisetron in people with Neoplasms.,"CYP2D6 *1/*1XN, *1XN/*1XN, *1/*2XN, *1XN/*2XN and *2XN/*2XN (or ""ultrarapid metabolizer"" genotypes) are associated with decreased response to ondansetron and tropisetron as compared to all other genotypes (any combination of *1, *3, *4, *5 or *6 alleles). Response was measured by the mean number of episodes of vomiting 0-4 and 5-24 hours after chemotherapy. If vomiting occurred, then the patient was deemed non-responsive to the drug. Chemotherapy drugs consisted of cyclophosphamide alone or in combination with other drugs such as cisplatin or carboplatin. No significant association was seen between genotype and incidence of nausea.",,ondansetron; tropisetron,"CYP2D6*1, CYP2D6*1xN",,,,decreased,yes,Efficacy,3.25,Patient-tailored antiemetic treatment with 5-hydroxytryptamine type 3 receptor antagonists according to cytochrome P-450 2D6 genotypes.,12065557,10.1200/JCO.2002.09.064,2002,CYP2D6,PA128
data/variantAnnotation,PA166149045,Variant Phenotype Annotation,CYP2D6 *10/*10 + *4/*10 + *5/*10 are associated with increased risk of Recurrence when treated with tamoxifen in women with Breast Neoplasms as compared to CYP2D6 *1/*1.,"Only allele frequencies but no diplotype frequencies are given except *1/*1 and *10/*10, so additional diplotypes are examples based on categories below. Pre (33) and post-menopausal (62) woman. No information on treatment protocol regarding chemotherapy or CYP2D6 inhibitors. Samples were genotyped for CYP2D6*xN (1.6%), CYP2D6*4 (rs3892097) (2.1%), CYP2D6*5 (4.7%), CYP2D6*10 (rs1065852) (48.9%), CYP2D6*14 (rs5030862) (1.1%). metabolizer status of CYP2D6 was defined as (1) EM, with absence of variant alleles; (2) heterozygous intermediate metabolizer (Het-IM), with presence of one allele of CYP2D6*10 and (3) IM with homozygous CYP2D6*10 or having a combined allele of heterozygous null alleles. For statistical reasons, individuals with duplicated allele without any null alleles were included in the EM group. [pre-menopausal][post-menopausal] [adjuvant] [DNA source: blood] [HWE: yes]",,tamoxifen,"CYP2D6*1, CYP2D6*4, CYP2D6*5, CYP2D6*10",,,,increased,yes,Efficacy,3.25,The risk of recurrence in breast cancer patients treated with tamoxifen: polymorphisms of CYP2D6 and ABCB1.,22183189,10.1208/s12248-011-9313-6,2012,CYP2D6,PA128
data/variantAnnotation,PA166329681,Variant Phenotype Annotation,CYP2D6 *10/*10 is associated with increased likelihood of adverse events when treated with tramadol in people with Pain.,"""A total of four hundred ninety-three patients were allocated (Figure 1); among them 56 patients were carriers of the CYP2D6*10/*10 genotype and 437 patients were carriers of other variants of CYP2D6"" ""Compared to other genotypes, and after adjustment for other variables possibly related to increased adverse effects, including age, daily tramadol dose, creatinine clearance, and concomitant use of CYP2D6 inhibitors, patients with CYP2D6*10/*10 genotype were 6.14 times more likely to report an adverse event (95% confidence interval [CI], 3.18–11.83). They had also higher odds for adverse events than patients tested heterozygous to CYP2D6*10 and other intermediate metabolizers group, OR 5.73 (95% CI, 2.41–14.36), p < 0.001, and OR 0.13 (95% CI, 0.06–0.28), p < 0.001, respectively. The odds of adverse events in the central nervous system and the gastrointestinal system were 5.13 times (95% CI, 2.84–9.28) and 3.25 times (95% CI, 1.78–5.93) higher in patients with the CYP2D6*10/*10 genotype""",,tramadol,CYP2D6*10,,,,increased,yes,Toxicity,3.25,Influence of cytochrome P450 2D6*10/*10 genotype on the risk for tramadol associated adverse effects: a retrospective cohort study.,38440181,10.3389/fphar.2024.1358549,2024,CYP2D6,PA128
data/variantAnnotation,PA166149068,Variant Phenotype Annotation,CYP2D6 *3/*4 + *3/*5 + *3/*6 + *4/*4 + *4/*5 + *4/*6 + *6/*7 (assigned as poor metabolizer phenotype) are associated with increased risk of Recurrence when treated with tamoxifen in women with Breast Neoplasms as compared to CYP2D6 *1/*1 + *1/*2 + *1/*35 + *2/*2 + *2/*35 + *35/*35 + *1/*1xN + *2/*1xN + *1/*2xN.,"DNA was extracted from blood and screened with the Amplichip CYP450. Study re-genotyped part of the cohort population from PMID: 19809024 previously genotyped for *3, *4, *5, *10, *41 and CNV to include more CYP2D6 variations and refine IM and EM classification. The cohort is mainly postmenopausal (97%) and treated with tamoxifen only (82.1% radiotherapy at baseline). Phenotype assignment (used redefined system with EM defined as carrires of 2 functional alleles): UM carrying three or more functional alleles of *1, *2, *35; EM two functional alleles (*1, *2, *35); IM  reduced enzyme function (*9, *10,*41) either homozygous or in combination with a PM allele (*3, *4, *5, *6, *7) or compound heterozygous EM (EM/IM and EM/PM); PM homozygous for alleles *3, *4, *5, *6, *7. [post-menopausal] [adjuvant] [DNA source: blood] [cohort overlap with 19809024]",,tamoxifen,"CYP2D6*1, CYP2D6*1xN, CYP2D6*2, CYP2D6*2xN, CYP2D6*3, CYP2D6*4, CYP2D6*5, CYP2D6*6, CYP2D6*7, CYP2D6*35",,poor metabolizer,,increased,yes,Efficacy,3.25,CYP2D6 polymorphisms as predictors of outcome in breast cancer patients treated with tamoxifen: expanded polymorphism coverage improves risk stratification.,20515869,10.1158/1078-0432.CCR-10-0478,2010,CYP2D6,PA128
data/variantAnnotation,PA166138950,Variant Phenotype Annotation,"Genotype A/DELA is associated with increased risk of extrapyramidal symptoms when treated with amisulpride, clozapine, haloperidol, olanzapine, quetiapine, risperidone, ziprasidone or zuclopenthixol in people with Schizophrenia, Bipolar Disorder, Personality Disorders, Psychotic Disorders or Obsessive-Compulsive Disorder as compared to genotype AA.","Effect described for *1/*6. Diagnosis is mostly Schizophrenia and related disorders (77% cases, 63% controls) and most patients were on risperidone (59% cases, 44% controls). ""To genotype the CYP2D6*3, CYP2D6*4, CYP2D6*5 and CYP2D6*6 polymorphisms, we used a combination of multiplex long polymerase chain reaction (PCR) and minisequencing (MS) through multiplex primer extension analysis""",,amisulpride; clozapine; haloperidol; olanzapine; quetiapine; risperidone; ziprasidone; zuclopenthixol,rs5030655,,,,increased,yes,Toxicity,3.25,"Cyp2d6*3, *4, *5 and *6 polymorphisms and antipsychotic-induced extrapyramidal side-effects in patients receiving antipsychotic therapy.",18346175,10.1111/j.1440-1681.2008.04918.x,2008,CYP2D6,PA128
data/variantAnnotation,PA166149860,Variant Phenotype Annotation,CYP2D6 *4/*4 + *1/*4 are associated with decreased event-free survival and Recurrence free survival when treated with tamoxifen in women with Breast Neoplasms as compared to CYP2D6 *1/*1.,"Association for decreased metabolism vs extensive metabolism (see below). Postmenopausal women with ER-positive breast cancer which underwent surgery and were treated with tamoxifen treatment for 5 years. Patients are from NCCTG trail but only patients receiving tamoxifen monotherapy were included. DNA extraction mainly from tumor tissue. *4 genotyped as rs3892097 tag SNP.
Extensive metabolizers were *1/*1 who were not prescribed a CYP2D6 inhibitor (n=115). Decreased CYP2D6 metabolism were women who either carried either one or two *4 alleles (n=53) or women with any genotype who were co-prescribed a CYP2D6 inhibitor (n=13). Decreased metabolism was divided based on the potency of the CYP2D6 inhibitor as intermediate metabolizers (IM) (n=40): (1) *1/*4 without co-prescription of a CYP2D6 inhibitor or (2) *1/*1 with co-administration of a weak/moderate inhibitor: PM (n=16): (1) *4/*4, (2) *4/wt and co-administration of a moderate or potent inhibitor, or (3) *1/*1 and co-administration of a potent inhibitor. (NCCTG 89-30-52 trial, also PMID: 16361630 and other) [post-menopausal] [adjuvant] [DNA source: paraffin-embedded tumor blocks] [cohort overlap with 19809024]",,tamoxifen,"CYP2D6*1, CYP2D6*4",,,,decreased,yes,Efficacy,3.0,The impact of cytochrome P450 2D6 metabolism in women receiving adjuvant tamoxifen.,17115111,10.1007/s10549-006-9428-0,2007,CYP2D6,PA128
data/variantAnnotation,PA166148764,Variant Phenotype Annotation,CYP2D6 *4/*4 is associated with decreased event-free survival and Recurrence free survival when treated with tamoxifen in women with Breast Neoplasms as compared to CYP2D6 *1/*4 + *1/*1.,Postmenopausal women with ER-positive breast cancer which underwent surgery and were treated with tamoxifen treatment for 5 years. Patients are from NCCTG trail but only patients receiving tamoxifen monotherapy were included. DNA extraction mainly from tumor tissue. *4 genotyped as rs3892097 tag SNP. (*6 was genotyped but not found in cohort) (also see PMID: 17115111 for NCCTG 89-30-52 cohort; CYP2D6*4 plus CYP2D6 inhibitor). [post-menopausal] [adjuvant] [DNA source: tumor or buccal] [cohort overlap with 19809024],,tamoxifen,"CYP2D6*1, CYP2D6*4",,,,decreased,yes,Efficacy,3.0,Pharmacogenetics of tamoxifen biotransformation is associated with clinical outcomes of efficacy and hot flashes.,16361630,10.1200/JCO.2005.03.3266,2005,CYP2D6,PA128
data/variantAnnotation,PA166149237,Variant Phenotype Annotation,CYP2D6 *10/*10 is associated with decreased event-free survival when treated with tamoxifen in women with Breast Neoplasms as compared to CYP2D6 *1/*10 + *1/*1.,Disease-specific survival (DSS was defined as the time from date of diagnosis to death where breast cancer was the primary or underlying cause of death) was not associated with CYP2D6*10 genotype (log rank 0.29; cox hazard HR 2.7 (0.4-17.3) P=0.28). *10 (100C>T) was determined by PCR and digested with Hph I restriction enzyme. Patients received tam 20mg/day for 5 years (no co-treatment with CYP2D6 inhibitors or chemotherapy). Disease-free survival (DFS) was defined as the time from date of diagnosis to first distant metastasis or death from breast cancer without a recorded relapse. [pre-menopausal][post-menopausal] [adjuvant] [DNA source: blood (n25) or fresh-frozen tumor (n11) or paraffin-embedded normal lymph nodes (n114)],,tamoxifen,"CYP2D6*1, CYP2D6*10",,,,decreased,yes,Efficacy,3.0,Association between CYP2D6 *10 genotype and survival of breast cancer patients receiving tamoxifen treatment.,18407954,10.1093/annonc/mdn155,2008,CYP2D6,PA128
data/variantAnnotation,PA166143709,Variant Phenotype Annotation,CYP2D6 *4 is associated with increased risk of Bradycardia due to metoprolol as compared to CYP2D6 *1.,"Patients classified as poor metabolizers (PM) had significantly decreased heart rate and diastolic blood pressure as compared to extensive metabolizers (EM). PM also received a significantly lower dose of metoprolol as compared to EM. PM were at significantly increased risk of developing bradycardia. These results remained significant when accounting for other beta-blockers selectively metabolized by CYP2D6 (carvedilol, nebivolol, propranolol, and alprenolol).",,metoprolol,CYP2D6*4,,,,increased,yes,Dosage; Toxicity,3.0,Genetic variation in the CYP2D6 gene is associated with a lower heart rate and blood pressure in beta-blocker users.,18784654,10.1038/clpt.2008.172,2009,CYP2D6,PA128
data/variantAnnotation,PA166310221,Variant Phenotype Annotation,CYP2D6 *10/*10 + *1/*10 is associated with decreased Recurrence free survival when treated with tamoxifen in people with Breast Neoplasms as compared to CYP2D6 *1/*1.,"""Patients with CYP2D6*10 C/C and C/T genotype
showed a better DFS than patients with T/T genotype, and the difference was statistically
significant "" "", patients with C/T or T/T genotypes exhibit worse DFS when treated
with TAM than with TOR.""",,tamoxifen,"CYP2D6*1, CYP2D6*10",,,,decreased,yes,Efficacy,3.0,"Toremifene, an Alternative Adjuvant Endocrine Therapy, Is Better Than Tamoxifen in Breast Cancer Patients with CYP2D6*10 Mutant Genotypes.",37591782,10.4143/crt.2023.652,2024,CYP2D6,PA128
data/variantAnnotation,PA166150453,Variant Phenotype Annotation,CYP2D6 *2xN is associated with increased risk of Tobacco Use Disorder when exposed to nicotine as compared to CYP2D6 *4/*5 + *4/*4 (assigned as poor metabolizer phenotype) .,"CYP2D6 UM genotype led to higher odds of becoming a heavy smoker (>10 CPD) compared with PM (possible combinations of *3, *4, *5, *6, *7; actual diplotypes are reported). Similar association is found for EMs but not statistically significant (EM ORadjust 1.82 (0.95–3.50) p=0.072).",,nicotine,"CYP2D6*2xN, CYP2D6*4, CYP2D6*5",,,poor metabolizer,increased,yes,Toxicity,3.0,Effect of genotype and methylation of CYP2D6 on smoking behaviour.,26287939,10.1097/FPC.0000000000000166,2015,CYP2D6,PA128
data/variantAnnotation,PA166150336,Variant Drug Annotation,"CYP2D6 *4/*4 + *4/*5 (assigned as poor metabolizer phenotype) are associated with decreased dose of imipramine in people with Depressive Disorder, Major as compared to CYP2D6 *1/*1 + *1/*2.","The calculated drug dose requirement (based on imipramine plasma concentrations) was 40% (SGD 0, subjects carrying no function alleles, n=10), as compared to subjects with SGD= 2 (100%) (two functional alleles, n=62). 
No function alleles *3,*4,*5,*6 are determined in study population (*3=1.8%, *4=18%, *5=4.2%, *6=1.2%). Diplotypes were not reported, therefore not necessarily *4/*4 or *4/*5 could be also other combination of the mentioned non functional alleles, but based on the frequency are the most likely. Study found a significant difference in imipramine dose, calculated imipramine dose to achieve 250microg/l imipramine +desipramine steady state plasma level between the six defined SGD groups: SGD 0 (combination of no function alleles, found mean dose: 118 +-44 and calculate:131+_109 mg/day ), SGD 0.5 (combination of no function and decreased function allele, 150+-65 and 155+-70), SGD 1 (combination of two decreased function alleles or one normal function and one no function allele, 190+-71 and 217+-95), SGD 1.5 (combination of a normal function with a decreased function allele, 201+-69 and 245+-125), SGD 2 (two normal function alleles, 281+-126 and 326+-213) and SGD >2 (more than 2 functional alleles, 309+-107 and 509+-292). Patients receiving CYP inhibiting co-medication were not included.",,imipramine,"CYP2D6*1, CYP2D6*2, CYP2D6*4, CYP2D6*5",,poor metabolizer,,decreased,yes,Dosage,3.0,Association of graded allele-specific changes in CYP2D6 function with imipramine dose requirement in a large group of depressed patients.,17667959,10.1038/sj.mp.4002057,2008,CYP2D6,PA128
data/variantAnnotation,PA166149791,Variant Phenotype Annotation,CYP2D6 *3/*4 + *3/*5 + *4/*4 + *4/*5 (assigned as poor metabolizer phenotype) are associated with increased risk of Recurrence when treated with tamoxifen in women with Breast Neoplasms as compared to CYP2D6 *1/*1 (assigned as normal metabolizer phenotype) .,"Mainly postmenopausal (95.4%). Inclusion criteria were hormone receptor positivity, no metastatic disease at diagnosis, adjuvant tamoxifen therapy, and no chemotherapy, histological proven diagnosis of primary breast cancer (stage I, II, or III). 58% received also radiotherapy. DNA from tumor tissue (fresh frozen tumor (n=101), and formalin-fixed, paraffin-embedded tumor tissues (n=659)) or blood (n=601) was genotyped for CYP2D6 variants associated with reduced (*10 (100C>T), *41 (2988 G>A)) or absent (*3 (2549 A>del), *4 (1846G>A), *5 (deletion)) enzyme activity, (also *1 for duplication and *2x2 were investigated). Duplications and deletion could not be determined in for paraffin-derived samples. Women were classified as having an extensive (defined as the absence of PM and IM alleles mentioned above but  including patients with ultrarapid metabolism) (n=609), heterozygous extensive/intermediate (n=637), or poor (n=79) CYP2D6 metabolism. Includes patients from the NCCTG 89-30-52 trial which are part of other publications. [pre-menopausal][post-menopausal] [adjuvant] [DNA source: blood or fresh frozen tumor or FFPE tissue]",,tamoxifen,"CYP2D6*1, CYP2D6*3, CYP2D6*4, CYP2D6*5",,poor metabolizer,normal metabolizer,increased,yes,Efficacy,3.0,Association between CYP2D6 polymorphisms and outcomes among women with early stage breast cancer treated with tamoxifen.,19809024,10.1001/jama.2009.1420,2009,CYP2D6,PA128
data/variantAnnotation,PA166257521,Variant Phenotype Annotation,"CYP2D6 *1/*1 + *1/*10 (assigned as normal metabolizer phenotype) is associated with increased likelihood of Leiomyoma, Liver Diseases or Ovarian Cysts when treated with tamoxifen in women with Breast Neoplasms.","Authors compared CYP2D6 EM treated with tamoxifen (EM + TAM) to CYP2D6 EM treated with toremifene (EM + TOR) and then IM + TAM to IM + TOR. There was no difference between IM groups but EM + TAM had significantly higher incidence of side effects (liver dysfunction and gynecologicalthan EM + TOR. Only *10 was tested, zero or one copy was called as EM and homozygous was called as IM.",,tamoxifen,"CYP2D6*1, CYP2D6*10",normal metabolizer genotype,normal metabolizer,,increased,yes,Toxicity,3.0,Comparison of adverse drug reactions between tamoxifen and toremifene in breast cancer patients with different CYP2D6 genotypes: A propensity-score matched cohort study.,34957551,10.1002/ijc.33919,2022,CYP2D6,PA128
data/variantAnnotation,PA166143913,Variant Phenotype Annotation,"CYP2D6 *4/*4 is associated with increased risk of Side Effects when treated with amitriptyline, clomipramine, doxepin, imipramine, maprotiline, nortriptyline or Opipramol in people with Depression as compared to CYP2D6 *1/*1.",(*4*4 vs. *1*1; this SNP was the only SNP assayed and this method could not detect *5.)  Tricyclic antidepressants were grouped together for this analysis (45.9 % of patients were taking Amitriptyline; 8.2% Maprotiline;6.6% Clomipramine; 2.9% Nortriptyline;2.4% Imipramine;0.7% Dosulepin;0.3% Doxepin;0.2% Opipramol.  Counted as having ADRs if switched to a different antidepressant within the first 45 days.  Heterozygous patients did not have an increased risk of switching.  Genotypes were not in Hardy-Weinberg equilibrium; frequency below is for a larger population that included patients treated with other antidepressants.,,amitriptyline; clomipramine; doxepin; imipramine; maprotiline; nortriptyline; opipramol,"CYP2D6*1, CYP2D6*4",,,,increased,yes,Toxicity,3.0,"Influence of the CYP2D6*4 polymorphism on dose, switching and discontinuation of antidepressants.",18070221,10.1111/j.1365-2125.2007.03052.x,2008,CYP2D6,PA128
data/variantAnnotation,PA166149491,Variant Phenotype Annotation,CYP2D6 *3 + *4 + *5 + *10 + *41 are associated with decreased event-free survival when treated with tamoxifen in women with Breast Neoplasms as compared to CYP2D6 *1/*1 (assigned as normal metabolizer phenotype) .,"Mainly postmenopausal (95.4%). Inclusion criteria were hormone receptor positivity, no metastatic disease at diagnosis, adjuvant tamoxifen therapy, and no chemotherapy, histological proven diagnosis of primary breast cancer (stage I, II, or III). 58% received also radiotherapy. DNA from tumor tissue (fresh frozen tumor (n=101), and formalin-fixed, paraffin-embedded tumor tissues (n=659)) or blood (n=601) was genotyped for CYP2D6 variants associated with reduced (*10 (100C>T), *41 (2988 G>A)) or absent (*3 (2549 A>del), *4 (1846G>A), *5 (deletion)) enzyme activity, (also *1 for duplication and *2x2 were investigated). Duplications and deletion could not be determined in for paraffin-derived samples. Women were classified as having an extensive (defined as the absence of PM and IM alleles mentioned above but  including patients with ultrarapid metabolism) (n=609), heterozygous extensive/intermediate (n=637), or poor (n=79) CYP2D6 metabolism. Includes patients from the NCCTG 89-30-52 trial which are part of other publications. [pre-menopausal][post-menopausal] [adjuvant] [DNA source: blood or   fresh frozen tumor or FFPE tissue]",,tamoxifen,"CYP2D6*1, CYP2D6*3, CYP2D6*4, CYP2D6*5, CYP2D6*10, CYP2D6*41",,,normal metabolizer,decreased,yes,Efficacy,3.0,Association between CYP2D6 polymorphisms and outcomes among women with early stage breast cancer treated with tamoxifen.,19809024,10.1001/jama.2009.1420,2009,CYP2D6,PA128
data/variantAnnotation,PA166264641,Variant Drug Annotation,Allele DELT is associated with increased clinical benefit to hydrocodone or oxycodone in people with Pain as compared to allele T.,"variant is described as C ""protective"" against poor pain control compared to CT.",,hydrocodone; oxycodone,rs35742686,,,,increased,yes,Efficacy,3.0,"Identification of sex-specific genetic associations in response to opioid analgesics in a White, non-Hispanic cohort from Southeast Minnesota.",35102242,10.1038/s41397-022-00265-9,2022,CYP2D6,PA128
data/variantAnnotation,PA166137528,Variant Phenotype Annotation,Allele T is associated with decreased event-free survival when treated with tamoxifen in people with Breast Neoplasms as compared to genotype CC.,"Significance stated as for any reduced function alleles (*3, *4, *5, *10, *41) vs extensive metabolizers.",,tamoxifen,rs3892097,,,,decreased,yes,Efficacy,3.0,Association between CYP2D6 polymorphisms and outcomes among women with early stage breast cancer treated with tamoxifen.,19809024,10.1001/jama.2009.1420,2009,CYP2D6,PA128
data/variantAnnotation,PA166138943,Variant Phenotype Annotation,"Genotype TT is associated with increased risk of Side Effects when treated with amitriptyline, clomipramine, doxepin, imipramine, maprotiline, nortriptyline or opipramol in people with Depression as compared to genotype CC.",(*4*4 vs. *1*1; this SNP was the only SNP assayed and this method could not detect *5.)  Tricyclic antidepressants were grouped together for this analysis (45.9 % of patients were taking Amitriptyline; 8.2% Maprotiline;6.6% Clomipramine; 2.9% Nortriptyline;2.4% Imipramine;0.7% Dosulepin;0.3% Doxepin;0.2% Opipramol.  Counted as having ADRs if switched to a different antidepressant within the first 45 days.  Heterozygous patients did not have an increased risk of switching.  Genotypes were not in Hardy-Weinberg equilibrium; frequency below is for a larger population that included patients treated with other antidepressants.,,amitriptyline; clomipramine; doxepin; imipramine; maprotiline; nortriptyline; opipramol,rs3892097,,,,increased,yes,Toxicity,3.0,"Influence of the CYP2D6*4 polymorphism on dose, switching and discontinuation of antidepressants.",18070221,10.1111/j.1365-2125.2007.03052.x,2008,CYP2D6,PA128
data/variantAnnotation,PA166148982,Variant Phenotype Annotation,CYP2D6 *3/*4 + *4/*4 + *4/*5 are associated with decreased overall survival when treated with antineoplastic agents and tamoxifen in women with Breast Neoplasms as compared to CYP2D6 *1/*1 + *1/*3 + *1/*4 + *1/*41 + *41/*41.,"Association is for CYP2D6 PMs (8 patient in overall cohort of 115 patients, which 68 are BRCA2 positive) vs all others only when stratified for BRCA2 status. Woman with familial early-onset breast cancer were co-treated with chemotherapy (14.8% in BRCA2 positive cohort) and chemo and radiotherapy (9.2% in BRCA2 positive cohort), no further information about length of tamoxifen treatment or menopausal status. Note diplotypes are examples not specifically reported in article.Two null alleles for CYP2D6*3, CYP2D6*4, or CYP2D6*5 were defined as poor metabolizers. All other: individuals with two CYP2D6*41 alleles or one null allele and one CYP2D6*41 allele were designated as intermediate metabolizers; and a group of extensive metabolizers who were wild type or heterozygous for CYP2D6*3, CYP2D6*4, CYP2D6*5, or CYP2D6*41, and where there was no recorded use of a CYP2D6 inhibitor. CYP2D6*3 (c.2549delA), and CYP2D6*4 (c.1934G>A+1), and the intermediate allele CYP2D6*41 (c.2988G>A) by TaqMan allelic discrimination methods (Applied Biosciences). [pre-menopausal][post-menopausal] [adjuvant] [DNA source: blood] [HWE: yes]",,antineoplastic agents; tamoxifen,"CYP2D6*1, CYP2D6*3, CYP2D6*4, CYP2D6*5, CYP2D6*41",,,,decreased,yes,Efficacy,2.75,Impaired tamoxifen metabolism reduces survival in familial breast cancer patients.,18794105,10.1158/1078-0432.CCR-07-5235,2008,CYP2D6,PA128
data/variantAnnotation,PA166144394,Variant Phenotype Annotation,CYP2D6 *3/*5 is associated with increased risk of non-response and required higher dose when treated with tramadol as compared to CYP2D6 *1.,"The PM alleles  (*4/*4, *3/*5, *5/*5, *4/*5, *6/*6) are analyzed together.",,tramadol,"CYP2D6*1, CYP2D6*3, CYP2D6*5",,,,increased,yes,Dosage; Efficacy,2.75,Impact of CYP2D6 genotype on postoperative tramadol analgesia.,14499440,10.1016/s0304-3959(03)00212-4,2003,CYP2D6,PA128
data/variantAnnotation,PA166144209,Variant Phenotype Annotation,CYP2D6 *4/*4 is associated with increased risk of non-response and required higher dose when treated with tramadol as compared to CYP2D6 *1.,"The PM alleles  (*4/*4, *3/*5, *5/*5, *4/*5, *6/*6) are analyzed together.",,tramadol,"CYP2D6*1, CYP2D6*4",,,,increased,yes,Dosage; Efficacy,2.75,Impact of CYP2D6 genotype on postoperative tramadol analgesia.,14499440,10.1016/s0304-3959(03)00212-4,2003,CYP2D6,PA128
data/variantAnnotation,PA166144335,Variant Phenotype Annotation,CYP2D6 *5/*5 is associated with increased risk of non-response and required higher dose when treated with tramadol as compared to CYP2D6 *1.,"The PM alleles  (*4/*4, *3/*5, *5/*5, *4/*5, *6/*6) are analyzed together.",,tramadol,"CYP2D6*1, CYP2D6*5",,,,increased,yes,Dosage; Efficacy,2.75,Impact of CYP2D6 genotype on postoperative tramadol analgesia.,14499440,10.1016/s0304-3959(03)00212-4,2003,CYP2D6,PA128
data/variantAnnotation,PA166148941,Variant Phenotype Annotation,CYP2D6 *1/*4 + *1/*5 + *1/*10 + *1/*10x2 + *10/*10x2 + *1/*14 + *1/*21 + *1/*36 + *1/*41 + *1xN/*10 + *5/*5 + *5/*10 + *5/*21 + *5/*41 + *10/*10 + *10/*21 + *10/*36 + *10/*41 are associated with decreased Recurrence free survival when treated with tamoxifen in women with Breast Neoplasms as compared to CYP2D6 *1/*1.,"Patients with breast cancer which underwent surgery received adjuvant tamoxifen monotherapy for 5 years. 123 premenopausal, 149 postmenopausal. DNA extracted from blood. Genotyping for key polymorphisms for CYP2D6*4 (1846G>A), CYP2D6*6 (1707delT), CYP2D6*10 (100C>T), CYP2D6*14B (1758G>A, reassigned *14), CYP2D6*18 (4125_4133dupGTGCCCACT), CYP2D6*21 (2573_2574insC), CYP2D6*36 (gene conversion to CYP2D7 in exon 9), and CYP2D6*41 (2988G>A). whole-gene deletion (CYP2D6*5) and duplications (CYP2D6*1-*1, CYP2D6*10-*10, CYP2D6*10-36, and CYP2D6*36-*36) were genotyped. Above *36 is identified as *36x2. [pre-menopausal][post-menopausal] [adjuvant] [DNA source: blood]  *14B is re-assigned to *14 with the Nov 2018 PharmVar update.",,tamoxifen,"CYP2D6*1, CYP2D6*1xN, CYP2D6*4, CYP2D6*5, CYP2D6*10, CYP2D6*10x2, CYP2D6*14, CYP2D6*21, CYP2D6*36, CYP2D6*41",,,,decreased,yes,Efficacy,2.75,Significant effect of polymorphisms in CYP2D6 and ABCC2 on clinical outcomes of adjuvant tamoxifen therapy for breast cancer patients.,20124171,10.1200/JCO.2009.25.7246,2010,CYP2D6,PA128
data/variantAnnotation,PA166143884,Variant Phenotype Annotation,CYP2D6 *6/*6 is associated with increased risk of non-response and required higher dose when treated with tramadol as compared to CYP2D6 *1.,"The PM alleles  (*4/*4, *3/*5, *5/*5, *4/*5, *6/*6) are analyzed together.",,tramadol,"CYP2D6*1, CYP2D6*6",,,,increased,yes,Dosage; Efficacy,2.75,Impact of CYP2D6 genotype on postoperative tramadol analgesia.,14499440,10.1016/s0304-3959(03)00212-4,2003,CYP2D6,PA128
data/variantAnnotation,PA166144185,Variant Phenotype Annotation,CYP2D6 *4/*5 is associated with increased risk of non-response and required higher dose when treated with tramadol as compared to CYP2D6 *1.,"The PM alleles  (*4/*4, *3/*5, *5/*5, *4/*5, *6/*6) are analyzed together.",,tramadol,"CYP2D6*1, CYP2D6*4, CYP2D6*5",,,,increased,yes,Dosage; Efficacy,2.75,Impact of CYP2D6 genotype on postoperative tramadol analgesia.,14499440,10.1016/s0304-3959(03)00212-4,2003,CYP2D6,PA128
data/variantAnnotation,PA166148469,Variant Phenotype Annotation,CYP2D6 *4 + *5 + *10 + *14 + *21 + *36 + *41 are associated with increased risk of Recurrence when treated with tamoxifen in women with Breast Neoplasms as compared to CYP2D6 *1/*1.,"462 patients with primary breast cancer (including the 282 patients reported previously PMID 20124171)  received adjuvant tamoxifen monotherapy. Genomic DNA was extracted mostly from blood. Decreased and null alleles (including *4, *5, *10, *14, *21 and *41, and gene-duplication alleles, *10–*10 and *36–*36) as allele combined as ‘V’, and alleles of *1 and duplicated *1–*1 as allele combined as ‘wt’. CYP2D6*14 was determined as 1758G>A. *14B is re-assigned to *14 with the Nov 2018 PharmVar update.",,tamoxifen,"CYP2D6*1, CYP2D6*4, CYP2D6*5, CYP2D6*10, CYP2D6*14, CYP2D6*21, CYP2D6*36, CYP2D6*41",,,,increased,yes,Efficacy,2.75,A genome-wide association study identifies locus at 10q22 associated with clinical outcomes of adjuvant tamoxifen therapy for breast cancer patients in Japanese.,22180457,10.1093/hmg/ddr597,2012,CYP2D6,PA128
data/variantAnnotation,PA166149614,Variant Phenotype Annotation,CYP2D6 *10/*10 is associated with increased risk of Recurrence when treated with tamoxifen in women with Breast Neoplasms as compared to CYP2D6 *1/*1 + *1/*10.,"Pre- (35) and postmenopausal (32) patients with  ER and/or progesterone receptor (PR) positive breast cancer have been  treated with adjuvant monotherapy of tamoxifen at a dose of 20 mg/body/day for 5 years. No patient received selective serotonin reuptake inhibitors. DNA was extracted from blood. CYP2D6*4, CYP2D6*5, CYP2D6*6, CYP2D6*10, CYP2D6*14, CYP2D6*18, CYP2D6*21, and CYP2D6*41 were genotyped using  Invader assay. Analysis only on patients with the CYP2D6*10/*10, CYP2D6*1/*10, and CYP2D6*1/*1 diplotype.  [pre-menopausal][post-menopausal] [adjuvant] [DNA source: blood] [overlap with 20124171]",,tamoxifen,"CYP2D6*1, CYP2D6*10",,,,increased,yes,Efficacy,2.75,Impact of CYP2D6*10 on recurrence-free survival in breast cancer patients receiving adjuvant tamoxifen therapy.,18294285,10.1111/j.1349-7006.2008.00780.x,2008,CYP2D6,PA128
data/variantAnnotation,PA166149313,Variant Phenotype Annotation,CYP2D6 *2 is associated with decreased likelihood of Breast Neoplasms when treated with tamoxifen in women.,"as compared to the remaining groups (non poor metabolizer and poor metabolizer group).The distribution of CYP2D6*2A carriers was not different between breast cancer cases and controls in the placebo group but there was a significantly higher frequency of *2A carriers in the tamoxifen arm in the unaffected subjects (47.7%) than in the cancer cases (5.0%), (P=0.0001).  From the Italian Tamoxifen Prevention Trial (healthy hysterectomized women aged 35–70 years at average risk for breast cancer) 47 patients that developed Breast Cancer and 135 of the selected matched control were part of this case-control study.  47 cases included 37 invasive cancers and 10 cases of intraepithelial neoplasia; 27 cases were in the placebo arm and 20 in the tamoxifen arm.  Genotype from blood sample. AmpliChip CYP450 Test for genotyping.",,tamoxifen,CYP2D6*2,,,,decreased,yes,Efficacy,2.75,"Efficacy of tamoxifen based on cytochrome P450 2D6, CYP2C19 and SULT1A1 genotype in the Italian Tamoxifen Prevention Trial.",20309015,10.1038/tpj.2010.17,2011,CYP2D6,PA128
data/variantAnnotation,PA166148547,Variant Phenotype Annotation,CYP2D6 *3/*3 + *4/*4 are associated with increased likelihood of Recurrence when treated with tamoxifen in women with Breast Neoplasms as compared to CYP2D6 *1/*1.,"Note: article did not report all genotypes; only *1/variant allele and homozygous variant allele but no combinations of variant alleles e.g. PM/IM even if phenotype grouping exist. Genotyped for null alleles [*3 (2549 del A),*4(1846G>A), and *6(1707T>del)] reduced alleles [*10 (100 C>T and 1846 G>A) and *41 (2988 G>A)] with Applied Biosystems Taqman assay; duplicated alleles could not be assayed. “extensive” metabolizers do not carry a null or reduced allele (EM/EM); those with 1 to 2 reduced alleles without a null allele (EM/IM, IM/IM); one null allele (PM/IM, PM/EM), and “poor” metabolizers, those with 2 null alleles (PM/PM). Post-menopausal women with estrogen receptor positive breast cancer were treated 5 years with tamoxifen only. The study grouped cases (cancer recurrence) and controls (no recurrence). In a second study arm (tamoxifen+ anastrozole) the higher risk did not persist after switching to anastrozole. [postmenopausal] [adjuvant] [DNA source: paraffin-embedded tissue] [HWE: yes for *4, *6, *10; no for *3, *41]",,tamoxifen,"CYP2D6*1, CYP2D6*3, CYP2D6*4",,,,increased,yes,Efficacy,2.75,CYP2D6 metabolism and patient outcome in the Austrian Breast and Colorectal Cancer Study Group trial (ABCSG) 8.,23213055,10.1158/1078-0432.CCR-12-2153,2013,CYP2D6,PA128
data/variantAnnotation,PA166278682,Variant Drug Annotation,CYP2D6 *4/*4 (assigned as poor metabolizer phenotype) is associated with increased discontinuation of vortioxetine as compared to CYP2D6 *1/*1 (assigned as normal metabolizer phenotype) .,CYP2D6 PMs had a significantly higher frequency of switching to another antidepressant compared with NMs. Article describes alleles genotyped and the phenotype grouping but doesn't provide the identified alleles. *4 is used as example allele. CYP2D6-genotyped patients treated with vortioxetine from a Norwegian therapeutic drug monitoring database - no treatment indication provided.,,vortioxetine,"CYP2D6*1, CYP2D6*4",poor metabolizer phenotype,poor metabolizer,normal metabolizer,increased,yes,Toxicity,2.75,"Association Between CYP2D6 Metabolizer Status and Vortioxetine Exposure and Treatment Switching: A Retrospective, Naturalistic Cohort Study Using Therapeutic Drug Monitoring Data From 640 Patients.",35703273,10.1097/JCP.0000000000001563,2022,CYP2D6,PA128
data/variantAnnotation,PA166149451,Variant Phenotype Annotation,CYP2D6 *3/*4 + *3/*5 + *3/*6 + *4/*4 + *4/*5 + *4/*6 + *6/*7 (assigned as poor metabolizer phenotype) are associated with decreased Recurrence free survival when treated with tamoxifen in women with Breast Neoplasms as compared to CYP2D6 *1/*1 + *1/*2 + *1/*35 + *2/*2 + *2/*35 + *35/*35 (assigned as normal metabolizer phenotype) .,"DNA was extracted from blood and screened with the Amplichip CYP450. Study re-genotyped part of the cohort population from PMID: 19809024 previously genotyped for *3, *4, *5, *10, *41 and CNV to include more CYP2D6 variations and refine IM and EM classification. The cohort is mainly postmenopausal (97%) and treated with tamoxifen only (82.1% radiotherapy at baseline). Kaplan-Meier distributions and log-rank tests are used as a surrogate for a linear allele–dose-dependent clinical association between CYP2D6 and tamoxifen outcome. Metabolizer phenotypes were classified using the predefined algorithm: UM, EM without any variant allele, hetEM/IM all patients heterozygous for a variant allele together with IM patients, and PM. [post-menopausal] [adjuvant] [DNA source: blood] [cohort overlap with 19809024]",,tamoxifen,"CYP2D6*1, CYP2D6*2, CYP2D6*3, CYP2D6*4, CYP2D6*5, CYP2D6*6, CYP2D6*7, CYP2D6*35",,poor metabolizer,normal metabolizer,decreased,yes,Efficacy,2.75,CYP2D6 polymorphisms as predictors of outcome in breast cancer patients treated with tamoxifen: expanded polymorphism coverage improves risk stratification.,20515869,10.1158/1078-0432.CCR-10-0478,2010,CYP2D6,PA128
data/variantAnnotation,PA166331761,Variant Drug Annotation,CYP2D6 *10/*10 (assigned as intermediate metabolizer phenotype) is associated with increased exposure to atomoxetine in children with Attention Deficit Disorder with Hyperactivity as compared to CYP2D6 normal metabolizer.,"""CYP2D6 IMs exhibited significantly higher atomoxetine C/D values than EMs under the three dosing regimens"" The regimens were qm (once morning), bid (twice daily) and qn (once nightly). Study measured CYP2D6*2, CYP2D6*10, and CYP2D6*14 and grouped *10/*10 as intermediate. There was only one PM that was excluded from analysis.",,atomoxetine,CYP2D6*10,intermediate metabolizer,intermediate metabolizer,normal metabolizer,increased,yes,Metabolism/PK,2.75,Individualized atomoxetine response and tolerability in children with ADHD receiving different dosage regimens: the need for CYP2D6 genotyping and therapeutic drug monitoring to dance together.,38504095,10.1038/s41398-024-02859-2,2024,CYP2D6,PA128
data/variantAnnotation,PA166306701,Variant Phenotype Annotation,"CYP2D6 *4/*4 (assigned as poor metabolizer phenotype) is associated with increased risk of extrapyramidal symptoms when treated with amisulpride, clozapine, haloperidol, olanzapine, quetiapine, risperidone, ziprasidone or zuclopenthixol in people with Schizophrenia, Bipolar Disorder, Personality Disorders, Psychotic Disorders or Obsessive-Compulsive Disorder as compared to CYP2D6 *1/*1 (assigned as normal metabolizer phenotype) .","Diagnosis is mostly Schizophrenia and related disorders (77% cases, 63% controls) and most patients were on risperidone (59% cases, 44% controls). ""To genotype the CYP2D6*3, CYP2D6*4, CYP2D6*5 and CYP2D6*6 polymorphisms, we used a combination of multiplex long polymerase chain reaction (PCR) and minisequencing (MS) through multiplex primer extension analysis""",,amisulpride; clozapine; haloperidol; olanzapine; quetiapine; risperidone; ziprasidone; zuclopenthixol,"CYP2D6*1, CYP2D6*4",poor metabolizer,poor metabolizer,normal metabolizer,increased,yes,Toxicity,2.75,"Cyp2d6*3, *4, *5 and *6 polymorphisms and antipsychotic-induced extrapyramidal side-effects in patients receiving antipsychotic therapy.",18346175,10.1111/j.1440-1681.2008.04918.x,2008,CYP2D6,PA128
data/variantAnnotation,PA166149364,Variant Phenotype Annotation,CYP2D6 *3 + *4 + *5 + *6 + *7 + *9 + *10 + *41 are associated with decreased Recurrence free survival when treated with tamoxifen in women with Breast Neoplasms as compared to CYP2D6 *1/*1 + *1/*1xN + *1/*35 + *2/*2.,"Please note, entered diplotypes are examples. Study did not report diplotypes only alleles. Compared patients with any reduced function allele with patients having at least two normal function alleles EM/EM and UM/EM. Following alleles were present in entire cohort *1, *1xN, *2, *2Xn, *3, *4, *5, *6, *7, *9, *9xN, *10AxN, *10B, *35, *35xN, *41, *41xN. Tamoxifen 20mg/day for 5 years; monotherapy. Genotyping with the Amplichip CYP450. [post-menopausal] [adjuvant] [DNA source: blood or frozen tumor] [HWE: yes except *2 and *35].",,tamoxifen,"CYP2D6*1, CYP2D6*1xN, CYP2D6*2, CYP2D6*3, CYP2D6*4, CYP2D6*5, CYP2D6*6, CYP2D6*7, CYP2D6*9, CYP2D6*10, CYP2D6*35, CYP2D6*41",,,,decreased,yes,Efficacy,2.75,Comprehensive CYP2D6 genotype and adherence affect outcome in breast cancer patients treated with tamoxifen monotherapy.,20809362,10.1007/s10549-010-1139-x,2011,CYP2D6,PA128
data/variantAnnotation,PA166148024,Variant Phenotype Annotation,CYP2C9 *3 is associated with increased risk of severe cutaneous adverse reactions when treated with phenytoin.,"Multiple cohorts were studied. 1) A GWAS discovery cohort of Taiwanese patients with healthy general population controls, 2) a replication cohort of Taiwanese patients with phenytoin-tolerant controls, 3) a combination of the discovery and replication cohorts of Taiwanese patients (population and tolerant controls combined), 4) in Malaysian patients with healthy general population controls and 5) in a meta-analysis of Taiwanese, Japanese and Malaysian patients with healthy general population controls. Severe cutaneous adverse reactions (SCARs) include Stevens-Johnson Syndrome (SJS), toxic epidermal necrolysis (TEN) and drug reactions with eosinophilia and systemic symptoms (DRESS).",,phenytoin,CYP2C9*3,,,,increased,yes,Toxicity,4.0,Genetic variants associated with phenytoin-related severe cutaneous adverse reactions.,25096692,10.1001/jama.2014.7859,2014,CYP2C9,PA126
data/variantAnnotation,PA166199261,Variant Phenotype Annotation,CYP2C9 *3 is associated with increased risk of Exanthema when treated with phenytoin as compared to CYP2C9 *1/*1.,CYP2C9*3 carrier status was significantly associated with phenytoin-induced eruption in the Japanese Population.,,phenytoin,"CYP2C9*1, CYP2C9*3",,,,increased,yes,Toxicity,4.0,HLA-B*51:01 and CYP2C9*3 Are Risk Factors for Phenytoin-Induced Eruption in the Japanese Population: Analysis of Data From the Biobank Japan Project.,31646624,10.1002/cpt.1706,2020,CYP2C9,PA126
data/variantAnnotation,PA166150324,Variant Phenotype Annotation,CYP2C9 *2 + *3 are associated with increased risk of over-anticoagulation when treated with warfarin as compared to CYP2C9 *1/*1.,in Caucasians (but not African-Americans) and only for period prior to reaching maintenance dose.,,warfarin,"CYP2C9*1, CYP2C9*2, CYP2C9*3",,,,increased,yes,Toxicity,3.75,Warfarin and cytochrome P450 2C9 genotype: possible ethnic variation in warfarin sensitivity.,17324110,10.2217/14622416.8.3.217,2007,CYP2C9,PA126
data/variantAnnotation,PA166148027,Variant Phenotype Annotation,"CYP2C9 *3 is associated with increased risk of Epidermal Necrolysis, Toxic or Stevens-Johnson Syndrome when treated with phenytoin.","Several cohorts were studied. 1) In Taiwanese patients, when comparing against both phenytoin-tolerant controls and healthy general population controls. 2) In Japanese patients, when comparing against healthy general population controls. 3) In a meta-analysis of the Taiwanese, Japanese and Malaysian patients when comparing against healthy general population controls.",,phenytoin,CYP2C9*3,,,,increased,yes,Toxicity,3.75,Genetic variants associated with phenytoin-related severe cutaneous adverse reactions.,25096692,10.1001/jama.2014.7859,2014,CYP2C9,PA126
data/variantAnnotation,PA166149360,Variant Phenotype Annotation,CYP2C9 *1/*2 + *2/*2 + *1/*3 + *3/*3 are associated with increased likelihood of over-anticoagulation when treated with phenprocoumon as compared to CYP2C9 *1/*1.,,,phenprocoumon,"CYP2C9*1, CYP2C9*2, CYP2C9*3",,,,increased,yes,Toxicity,3.75,Effects of cytochrome P450 2C9 polymorphisms on phenprocoumon anticoagulation status.,15536456,10.1016/j.clpt.2004.08.006,2004,CYP2C9,PA126
data/variantAnnotation,PA166147830,Variant Phenotype Annotation,CYP2C9 *3 is associated with increased risk of drug reaction with eosinophilia and systemic symptoms when treated with phenytoin.,"Two cohorts were studies. 1) In Taiwanese patients, when comparing against both phenytoin-tolerant controls and healthy general population controls and 2) in a meta-analysis of Taiwanese and Malaysian patients, when comparing against healthy general population controls.",,phenytoin,CYP2C9*3,,,,increased,yes,Toxicity,3.5,Genetic variants associated with phenytoin-related severe cutaneous adverse reactions.,25096692,10.1001/jama.2014.7859,2014,CYP2C9,PA126
data/variantAnnotation,PA166163605,Variant Phenotype Annotation,Allele T is associated with increased likelihood of Stevens-Johnson Syndrome when exposed to phenytoin as compared to allele C.,"The frequency of the T allele was higher in patients with drug reaction with Stevens-Johnson Syndrome (SJS), as compared to phenytoin-tolerant controls and remained significant in multiple logistic regression. Combining HLA-B*15:02 allele with the T allele and Chinese ancestry improved the specificity of testing to 96%.",,phenytoin,rs1799853,,,,increased,yes,Toxicity,3.5,Influence of genetic and non-genetic factors on phenytoin-induced severe cutaneous adverse drug reactions.,28391407,10.1007/s00228-017-2250-2,2017,CYP2C9,PA126
data/variantAnnotation,PA166148727,Variant Phenotype Annotation,CYP2C9 *3/*3 + *3/*2 + *2/*3 are associated with increased risk of Hemorrhage when treated with warfarin in people with Atrial Fibrillation.,"Patients were grouped to normal responders, sensitive responders, and highly
sensitive responders based on VKORC1 -1396G>A, CYP2C9*2, *3 genotypes. The risk of bleeding was compared among these three groups. Sensitive responders hazard ratio 1·31, 95% CI 1·05-1·64, p=0·0179; highly sensitive responders 2·66, 1·69-4·19, p<0·0001 as compared to the normal responders.",,warfarin,"CYP2C9*2, CYP2C9*3",,,,increased,yes,Toxicity,3.5,"Genetics and the clinical response to warfarin and edoxaban: findings from the randomised, double-blind ENGAGE AF-TIMI 48 trial.",25769357,10.1016/S0140-6736(14)61994-2,2015,CYP2C9,PA126
data/variantAnnotation,PA166183445,Variant Phenotype Annotation,CYP2C9 *3 is associated with increased risk of Maculopapular Exanthema and severe cutaneous adverse reactions when treated with phenytoin as compared to CYP2C9 *1/*1.,"CYP2C9*3 was strongly associated with phenytoin hypersensitivity in  Asians  (P = 4.66 × 10-14,  OR  =  10.74  for  Taiwan).",,phenytoin,"CYP2C9*1, CYP2C9*3",,,,increased,yes,Toxicity,3.5,HLA Alleles and CYP2C9*3 as Predictors of Phenytoin Hypersensitivity in East Asians.,30270535,10.1002/cpt.1190,2019,CYP2C9,PA126
data/variantAnnotation,PA166148662,Variant Phenotype Annotation,CYP2C9 *1/*2 + *2/*2 + *2/*3 + *1/*3 are associated with increased risk of over-anticoagulation when treated with acenocoumarol as compared to CYP2C9 *1/*1.,Acenocoumarol-treated patients with a CYP2C9 variant genotype had a significantly higher mean INR and had a higher risk of an INR > or = 6.0 during the first 6 weeks of treatment.,,acenocoumarol,"CYP2C9*1, CYP2C9*2, CYP2C9*3",,,,increased,yes,Toxicity,3.5,The risk of overanticoagulation in patients with cytochrome P450 CYP2C9*2 or CYP2C9*3 alleles on acenocoumarol or phenprocoumon.,15128048,10.1097/00008571-200401000-00003,2004,CYP2C9,PA126
data/variantAnnotation,PA166227061,Variant Drug Annotation,CYP2C9 *1/*13 + *1/*16 + *1/*60 is associated with decreased dose of warfarin in people with Atrial Fibrillation as compared to CYP2C9 *1/*1 + *1/*3.,"""The mean stable dose of the CYP2C9*1/*1 group was 3.47 (±1.13) mg/day, which was significantly higher than that of the CYP2C9*1/*3 group (2.30 ± 0.88 mg/day) (p < 0.001). There was only one case of CYP2C9*1/*2 with a dose of 2.50 mg/day and another one case of CYP2C9*3/*3 with a dose of 0.50 mg/day. In regard to other rare CYP2C9 genotypes, there were two cases of CYP2C9*1/*13 with a mean dose of 1.88 mg/day, one case of CYP2C9*1/*16 with a dose of 1.39 mg/day and two cases of CYP2C9*1/*60 with a mean dose of 1.00 mg/d; all of these doses were lower than the mean dose of CYP2C9*1/*1 and CYP2C9*1/*3. The mean dose in carriers with the three rare genotypes, CYP2C9*1/*13, *16 and *60, was 1.42 (±0.54) mg/day which was significantly lower than that of CYP2C9*1/*1 (p < 0.001) and CYP2C9*1/*3 (p < 0.05).""",,warfarin,"CYP2C9*1, CYP2C9*3, CYP2C9*13, CYP2C9*16, CYP2C9*60",,,,decreased,yes,Dosage,3.5,Effects of rare CYP2C9 alleles on stable warfarin doses in Chinese Han patients with atrial fibrillation.,32893731,10.2217/pgs-2020-0051,2020,CYP2C9,PA126
data/variantAnnotation,PA166151587,Variant Phenotype Annotation,CYP2C9 *3 is associated with increased risk of over-anticoagulation when treated with warfarin as compared to CYP2C9 *1/*1.,This was measured by time to first INR>3.5.,,warfarin,"CYP2C9*1, CYP2C9*3",,,,increased,yes,Toxicity,3.5,The influence of genetic polymorphisms and interacting drugs on initial response to warfarin in Chinese patients with heart valve replacement.,21318593,10.1007/s00228-011-0995-6,2011,CYP2C9,PA126
data/variantAnnotation,PA166145221,Variant Phenotype Annotation,CYP2C9 *2/*2 + *2/*3 + *3/*3 is associated with increased risk of over-anticoagulation when treated with warfarin.,,,warfarin,"CYP2C9*2, CYP2C9*3",,,,increased,yes,Toxicity,3.5,The largest prospective warfarin-treated cohort supports genetic forecasting.,18574025,10.1182/blood-2008-04-149070,2009,CYP2C9,PA126
data/variantAnnotation,PA166148682,Variant Drug Annotation,CYP2C9 *1/*3 + *3/*3 are associated with decreased dose of warfarin as compared to CYP2C9 *1/*1.,"in both European Americans and African Americans. The dose reduction per variant allele was comparable among European Americans (34.6% vs 34.4%, interaction P value=0.98) vs. African Americans.",,warfarin,"CYP2C9*1, CYP2C9*3",,,,decreased,yes,Dosage,3.5,Race influences warfarin dose changes associated with genetic factors.,26024874,10.1182/blood-2015-02-627042,2015,CYP2C9,PA126
data/variantAnnotation,PA166149402,Variant Drug Annotation,CYP2C9 *1/*2 + *2/*2 are associated with decreased dose of warfarin as compared to CYP2C9 *1/*1.,"only in European Americans, but not African Americans. (20.6% vs 3.0% dose reduction per variant allele, interaction p value<0.001)",,warfarin,"CYP2C9*1, CYP2C9*2",,,,decreased,yes,Dosage,3.5,Race influences warfarin dose changes associated with genetic factors.,26024874,10.1182/blood-2015-02-627042,2015,CYP2C9,PA126
data/variantAnnotation,PA166178323,Variant Phenotype Annotation,Allele C is associated with increased risk of Gastrointestinal Hemorrhage and Death when treated with acenocoumarol in people with Cardiovascular Diseases as compared to allele A.,The variants were not analyzed alone - they were analyzed together with VKORC1 rs9923231 C>T. Variants are not associated with major bleeding or intracranial hemorrhage. Receiver operating characteristic (ROC) curves demonstrated bleeding risk scores predicted major bleeding with or without inclusion of genetic variants into a model.,,acenocoumarol,rs1057910,,,,increased,yes,Efficacy,3.5,Pharmacogenetics of vitamin K antagonists and bleeding risk prediction in atrial fibrillation.,29577257,10.1111/eci.12929,2018,CYP2C9,PA126
data/variantAnnotation,PA166148193,Variant Drug Annotation,Allele A is associated with increased dose of warfarin in people with heart valve replacement as compared to allele C.,"Samples, genotypes and INRs from a cohort of 551 patients were used to derive an algorithm which was used to predict daily warfarin maintenance dose in a second cohort of 236 patients. Note: the authors state that ""SNPs were tested for deviations from HWE using the chi-squared test, and for their association with the warfarin dose by Spearman correlation analysis using a *co-dominant* model."" rs1057910 remained significantly associated with warfarin maintenance dose in the multivariate analysis.",,warfarin,rs1057910,,,,increased,yes,Dosage,3.5,A pharmacogenetics-based warfarin maintenance dosing algorithm from Northern Chinese patients.,25126975,10.1371/journal.pone.0105250,2014,CYP2C9,PA126
data/variantAnnotation,PA166145113,Variant Drug Annotation,CYP2C9 *11 + *2 + *3 + *5 + *6 is associated with decreased dose of warfarin as compared to CYP2C9 *1.,"Where (*2+*3+*5+*6+*11) are considered variant (*V), Average Daily maintenance dose for *1/*1 > *1/*V > *V/*V.  *5,*6,*11 were only seen in African-Americans.  This result was significant in European-Americans but not in African-Americans.",,warfarin,"CYP2C9*1, CYP2C9*2, CYP2C9*3, CYP2C9*5, CYP2C9*6, CYP2C9*10, CYP2C9*11",,,,decreased,yes,Dosage,3.25,Influence of CYP2C9 Genotype on warfarin dose among African American and European Americans.,19802360,10.2217/17410541.4.2.157,2007,CYP2C9,PA126
data/variantAnnotation,PA166190421,Variant Phenotype Annotation,CYP2C9 *1/*3 + *2/*2 + *2/*3 + *3/*3 are associated with increased risk of Drug Toxicity when treated with phenytoin as compared to CYP2C9 *1/*1.,"Low-intermediate/ poor metabolizers had a significantly increased risk of a neurological side effect in the full cohort (HR 2.40; 95% CI: 1.24–4.64; P < 0.01) and increased risk, although not significantly, in the seizure subset (HR 2.09; 95% CI: 0.95–4.60; P=0.07).",,phenytoin,"CYP2C9*1, CYP2C9*2, CYP2C9*3",,,,increased,yes,Toxicity,3.25,Assessing the clinical impact of CYP2C9 pharmacogenetic variation on phenytoin prescribing practice and patient response in an integrated health system.,31461080,10.1097/FPC.0000000000000383,2019,CYP2C9,PA126
data/variantAnnotation,PA166143313,Variant Phenotype Annotation,CYP2C9 *2 is associated with increased risk of major but not minor hemorrhage when treated with warfarin as compared to CYP2C9 *1.,"major (hazard ratio (HR) 3.0; 95% confidence interval (CI): 1.1-8.0) but not minor (HR 1.3; 95% CI: 0.8-2.1) hemorrhage. CYP2C9*2, *3, *5, *6, and *11 variants are pooled together for analysis.",,warfarin,"CYP2C9*1, CYP2C9*2",,,,increased,yes,Toxicity,3.25,Influence of CYP2C9 and VKORC1 1173C/T genotype on the risk of hemorrhagic complications in African-American and European-American patients on warfarin.,17653141,10.1038/sj.clpt.6100290,2008,CYP2C9,PA126
data/variantAnnotation,PA166143188,Variant Phenotype Annotation,CYP2C9 *3 is associated with increased risk of major but not minor hemorrhage when treated with warfarin as compared to CYP2C9 *1.,"major (hazard ratio (HR) 3.0; 95% confidence interval (CI): 1.1-8.0) but not minor (HR 1.3; 95% CI: 0.8-2.1) hemorrhage. CYP2C9*2, *3, *5, *6, and *11 variants are pooled together for analysis.",,warfarin,"CYP2C9*1, CYP2C9*3",,,,increased,yes,Toxicity,3.25,Influence of CYP2C9 and VKORC1 1173C/T genotype on the risk of hemorrhagic complications in African-American and European-American patients on warfarin.,17653141,10.1038/sj.clpt.6100290,2008,CYP2C9,PA126
data/variantAnnotation,PA166143069,Variant Phenotype Annotation,CYP2C9 *6 is associated with increased risk of major but not minor hemorrhage when treated with warfarin as compared to CYP2C9 *1.,"major (hazard ratio (HR) 3.0; 95% confidence interval (CI): 1.1-8.0) but not minor (HR 1.3; 95% CI: 0.8-2.1) hemorrhage. CYP2C9*2, *3, *5, *6, and *11 variants are pooled together for analysis.",,warfarin,"CYP2C9*1, CYP2C9*6",,,,increased,yes,Toxicity,3.25,Influence of CYP2C9 and VKORC1 1173C/T genotype on the risk of hemorrhagic complications in African-American and European-American patients on warfarin.,17653141,10.1038/sj.clpt.6100290,2008,CYP2C9,PA126
data/variantAnnotation,PA166143237,Variant Phenotype Annotation,CYP2C9 *11 is associated with increased risk of major but not minor hemorrhage when treated with warfarin as compared to CYP2C9 *1.,"major (hazard ratio (HR) 3.0; 95% confidence interval (CI): 1.1-8.0) but not minor (HR 1.3; 95% CI: 0.8-2.1) hemorrhage. CYP2C9*2, *3, *5, *6, and *11 variants are pooled together for analysis.",,warfarin,"CYP2C9*1, CYP2C9*11",,,,increased,yes,Toxicity,3.25,Influence of CYP2C9 and VKORC1 1173C/T genotype on the risk of hemorrhagic complications in African-American and European-American patients on warfarin.,17653141,10.1038/sj.clpt.6100290,2008,CYP2C9,PA126
data/variantAnnotation,PA166142939,Variant Phenotype Annotation,CYP2C9 *5 is associated with increased risk of major but not minor hemorrhage when treated with warfarin as compared to CYP2C9 *1.,"associated with major (hazard ratio (HR) 3.0; 95% confidence interval (CI): 1.1-8.0) but not minor (HR 1.3; 95% CI: 0.8-2.1) hemorrhage. CYP2C9*2, *3, *5, *6, and *11 variants are pooled together for analysis.",,warfarin,"CYP2C9*1, CYP2C9*5",,,,increased,yes,Toxicity,3.25,Influence of CYP2C9 and VKORC1 1173C/T genotype on the risk of hemorrhagic complications in African-American and European-American patients on warfarin.,17653141,10.1038/sj.clpt.6100290,2008,CYP2C9,PA126
data/variantAnnotation,PA166149310,Variant Drug Annotation,CYP2C9 *2 is associated with decreased dose of acenocoumarol in people with Thrombosis of cerebral veins as compared to CYP2C9 *1.,in both the initiation and maintenance phase of anticoagulation.,,acenocoumarol,"CYP2C9*1, CYP2C9*2",,,,decreased,yes,Dosage,3.25,Influence of CYP2C9 polymorphism and phenytoin co-administration on acenocoumarol dose in patients with cerebral venous thrombosis.,24530212,10.1016/j.thromres.2014.01.037,2014,CYP2C9,PA126
data/variantAnnotation,PA166149311,Variant Drug Annotation,CYP2C9 *3 is associated with decreased dose of acenocoumarol in people with Thrombosis of cerebral veins as compared to CYP2C9 *1.,in both the initiation and maintenance phase of anticoagulation.,,acenocoumarol,"CYP2C9*1, CYP2C9*3",,,,decreased,yes,Dosage,3.25,Influence of CYP2C9 polymorphism and phenytoin co-administration on acenocoumarol dose in patients with cerebral venous thrombosis.,24530212,10.1016/j.thromres.2014.01.037,2014,CYP2C9,PA126
data/variantAnnotation,PA166147002,Variant Phenotype Annotation,CYP2C9 *3 is associated with increased risk of all and minor hemorrhage when treated with warfarin as compared to CYP2C9 *1.,"The CYP2C9*3 genotype conferred an increased risk of all [hazard ratio (HR) 3.07, 95 % confidence interval (CI) 1.57-6.01, p=0.001] and minor hemorrhage (HR 3.28, 95 % CI 1.62-6.65, p=0.001), but not major hemorrhage (HR 0.44, 95 % CI 0.04-4.72, p=0.50).",,warfarin,"CYP2C9*1, CYP2C9*3",,,,increased,yes,Toxicity,3.25,Influence of warfarin dose-associated genotypes on the risk of hemorrhagic complications in Chinese patients on warfarin.,23104259,10.1007/s12185-012-1205-8,2012,CYP2C9,PA126
data/variantAnnotation,PA166163516,Variant Drug Annotation,CYP2C9 *1/*3 is associated with increased concentrations of phenytoin in people with Epilepsy as compared to CYP2C9 *1/*1.,Concentrations in *1/*3 were 3x more likely to have toxic concentrations of phenytoin compared to *1/*1.,,phenytoin,"CYP2C9*1, CYP2C9*3",,,,increased,yes,Toxicity,3.25,"A prospective study to assess the association between genotype, phenotype and Prakriti in individuals on phenytoin monotherapy.",28302415,10.1016/j.jaim.2016.12.001,2017,CYP2C9,PA126
data/variantAnnotation,PA166150005,Variant Phenotype Annotation,CYP2C9 *2 + *3 are associated with increased risk of over-anticoagulation when treated with warfarin as compared to CYP2C9 *1/*1.,"Individuals with multiple variant alleles (CYP2C9 or VKORC1) were at highest risk for overanticoagulation (INR >4) (odds ratio, 12.8; 95% confidence interval, 2.73-60.0).",,warfarin,"CYP2C9*1, CYP2C9*2, CYP2C9*3",,,,increased,yes,Toxicity,3.25,"Genetic factors (VKORC1, CYP2C9, EPHX1, and CYP4F2) are predictor variables for warfarin response in very elderly, frail inpatients.",19794411,10.1038/clpt.2009.178,2010,CYP2C9,PA126
data/variantAnnotation,PA166179350,Variant Phenotype Annotation,CYP2C9 *3 is associated with increased risk of severe cutaneous adverse reactions due to phenytoin in children with Epilepsy.,,,phenytoin,CYP2C9*3,,,,increased,yes,Toxicity,3.25,Association analysis of CYP2C9*3 and phenytoin-induced severe cutaneous adverse reactions (SCARs) in Thai epilepsy children.,25994870,10.1038/jhg.2015.47,2015,CYP2C9,PA126
data/variantAnnotation,PA166141611,Variant Phenotype Annotation,CYP2C9 *1/*3 is associated with increased risk of phenytoin toxicity when treated with phenytoin in Epilepsy as compared to CYP2C9 *1/*1.,,,phenytoin,"CYP2C9*1, CYP2C9*3",,,,increased,yes,Toxicity,3.25,Influence of CYP2C9 and CYP2C19 genetic polymorphisms on phenytoin-induced neurological toxicity in Indian epileptic patients.,20390258,10.1007/s00228-010-0817-2,2010,CYP2C9,PA126
data/variantAnnotation,PA166150739,Variant Drug Annotation,CYP2C9 *2 + *3 are associated with decreased dose of warfarin as compared to CYP2C9 *1/*1.,"in Caucasians, but not in African american patients.",,warfarin,"CYP2C9*1, CYP2C9*2, CYP2C9*3",,,,decreased,yes,Dosage,3.25,Warfarin and cytochrome P450 2C9 genotype: possible ethnic variation in warfarin sensitivity.,17324110,10.2217/14622416.8.3.217,2007,CYP2C9,PA126
data/variantAnnotation,PA166178189,Variant Drug Annotation,Genotype AC is associated with decreased dose of warfarin as compared to genotype AA.,,,warfarin,rs1057910,,,,decreased,yes,Dosage,3.25,Warfarin Dose Model for the Prediction of Stable Maintenance Dose in Indian Patients.,28049362,10.1177/1076029616683046,2018,CYP2C9,PA126
data/variantAnnotation,PA166178188,Variant Drug Annotation,Genotype CT is associated with decreased dose of warfarin as compared to genotype CC.,,,warfarin,rs1799853,,,,decreased,yes,Dosage,3.25,Warfarin Dose Model for the Prediction of Stable Maintenance Dose in Indian Patients.,28049362,10.1177/1076029616683046,2018,CYP2C9,PA126
data/variantAnnotation,PA166178007,Variant Phenotype Annotation,Allele C is associated with increased likelihood of Hemorrhage when treated with acenocoumarol or warfarin in people with venous thromboembolism as compared to allele A.,,,acenocoumarol; warfarin,rs1057910,,,,increased,yes,Toxicity,3.25,Bleeding predictors in patients following venous thromboembolism treated with vitamin K antagonists: Association with increased number of single nucleotide polymorphisms.,29432897,10.1016/j.vph.2018.02.002,2018,CYP2C9,PA126
data/variantAnnotation,PA166177580,Variant Phenotype Annotation,CYP2C9 *2 + *3 are associated with time to therapeutic inr when treated with warfarin in people with Atrial Fibrillation as compared to CYP2C9 *1.,"Control (N= 92) vs. PGx (N = 88) guided warfarin dose. Patients in each group classified into 4 subgroups, corresponding to the quartiles (Q) of predicted maintenance dose (Q1, Q2, Q3, Q4). There were significant differences between PGx and control: INR > 3 & INR <2  were both more frequent in the PGx group, but only for the Q1 quartile. The time to reach INR was also longer in the control group versus the PGx group, but only for Q2 and Q3 groups. There was also significantly more inter-patient variability on days 5 and 7 in the control group vs. the PGx group, but only for quartile 1.",,warfarin,"CYP2C9*1, CYP2C9*2, CYP2C9*3",,,,,yes,Efficacy,3.0,Pharmacokinetic and pharmacodynamic re-evaluation of a genetic-guided warfarin trial.,29396738,10.1007/s00228-018-2422-8,2018,CYP2C9,PA126
data/variantAnnotation,PA166175607,Variant Phenotype Annotation,CYP2C9 *2 + *3 are associated with increased risk of time above therapeutic range when treated with warfarin in people with venous thromboembolism as compared to CYP2C9 *1/*1.,"CYP2C9 and VKORC1 variants are analyzed together to divide patients into three warfarin sensitivity types (normal, sensitive and highly sensitive). ""Warfarin sensitive and highly sensitive responders had heparin therapy discontinued earlier (p<0.001), had a decreased final weekly warfarin dose (p<0.001), spent more time over-anticoagulated (p<0.001) and had an increased bleeding risk with warfarin (sensitive responders HR 1.38 [95% CI 1.11 to 1.71], p=0.0035; highly sensitive responders 1.79 [1.09 to 2.99]; p=0.0252).""",,warfarin,"CYP2C9*1, CYP2C9*2, CYP2C9*3",,,,increased,yes,Toxicity,3.0,Genetics and clinical response to warfarin and edoxaban in patients with venous thromboembolism.,28689179,10.1136/heartjnl-2016-310901,2017,CYP2C9,PA126
data/variantAnnotation,PA166139372,Variant Drug Annotation,CYP2C9 *2 is associated with decreased dose of warfarin.,[stat_test: multiple regression analysis],,warfarin,"CYP2C9*1, CYP2C9*2",,,,decreased,yes,Dosage; Metabolism/PK,3.0,A clinically significant interaction between warfarin and simvastatin is unique to carriers of the CYP2C9*3 allele.,22594507,10.2217/pgs.12.40,2012,CYP2C9,PA126
data/variantAnnotation,PA166139371,Variant Drug Annotation,CYP2C9 *3 is associated with decreased dose of warfarin when treated with simvastatin and warfarin.,"This influence on the magnitude of the simvastatin-warfarin  drug-drug interaction was seen only in patients with the CYP2C9*3 allele. Multiple regression model predicted that simvastatin exposure would have no effect in noncarriers, but reduces warfarin dose by 25% in heterozygous *3 carriers and by 43% in homozygous *3 carriers. (Genotyping details not provided). [stat_test: multiple regression analysis]",,simvastatin; warfarin,"CYP2C9*1, CYP2C9*3",,,,decreased,yes,Dosage; Metabolism/PK,3.0,A clinically significant interaction between warfarin and simvastatin is unique to carriers of the CYP2C9*3 allele.,22594507,10.2217/pgs.12.40,2012,CYP2C9,PA126
data/variantAnnotation,PA166139373,Variant Drug Annotation,CYP2C9 *3 is associated with decreased dose of warfarin.,[stat_test: multiple regression analysis],,warfarin,"CYP2C9*1, CYP2C9*3",,,,decreased,yes,Dosage; Metabolism/PK,3.0,A clinically significant interaction between warfarin and simvastatin is unique to carriers of the CYP2C9*3 allele.,22594507,10.2217/pgs.12.40,2012,CYP2C9,PA126
